3.924880,7.363412,7.073915,C
7.739460,6.453360,8.066205,E
6.379217,9.061654,9.002781,D
6.397573,7.974984,6.075531,A
5.764744,7.421517,6.282761,A
9.138295,8.675697,8.947702,B
4.811593,6.730988,6.469683,C
5.189073,6.582152,8.356661,C
5.012552,8.219790,8.390992,E
3.894978,8.661010,7.835112,C
7.119228,7.412406,7.547379,A
8.775777,8.302871,9.366378,B
7.238330,7.705394,7.265965,A
6.862501,7.904759,8.723841,D
6.922217,6.262191,8.446487,E
7.172598,6.400599,7.883062,E
7.064098,6.829678,8.458704,E
6.575801,7.847759,8.440810,E
5.227711,6.352835,7.023711,C
9.224716,9.655787,8.806038,B
5.022727,8.075476,7.923591,C
6.386305,8.088024,6.530040,A
8.572316,7.095323,7.903844,B
3.694250,6.911933,6.476613,C
6.788604,8.013268,8.332471,D
5.811891,5.639476,7.134148,C
9.711864,9.323920,8.104388,B
4.523509,8.130132,8.526008,C
9.291631,8.334110,8.436203,B
7.164367,6.651446,6.726860,A
8.338475,8.519083,10.831825,D
6.707531,8.273762,9.341167,D
8.114685,7.871035,7.008185,B
6.262680,5.971172,9.000956,E
7.805291,6.702795,10.837412,E
6.880110,7.718525,8.632241,E
5.088093,6.201052,9.897561,E
5.892325,8.080326,8.924892,E
7.124028,9.298755,8.564893,D
6.464966,7.007303,9.733155,E
4.717151,5.300510,8.145370,C
6.378744,7.865816,8.275368,E
6.732183,7.482915,9.704885,E
5.942471,7.544753,7.365640,A
5.597752,7.916052,5.240860,A
3.719285,6.551261,6.020708,C
4.072833,5.466635,5.323960,C
5.231603,7.049797,6.731713,A
8.517306,9.712670,11.042459,D
6.385908,5.751287,7.362504,A
8.074658,9.915629,8.075873,D
6.467492,6.618940,6.071086,A
8.957751,9.590223,7.904623,B
8.955154,8.148002,7.253174,B
7.377652,8.092719,7.451595,A
6.262160,10.280922,8.402313,D
6.280213,6.927824,7.908138,E
6.285247,6.891320,6.792114,A
9.037081,7.524138,9.879971,B
6.951264,6.318506,9.655461,E
6.893081,8.131498,8.997756,D
8.343010,6.023414,10.560145,E
3.914550,6.625662,8.454741,C
7.548905,8.683681,8.457660,D
6.577542,7.637097,6.688779,A
6.321644,5.963100,7.690253,E
5.339843,6.861366,8.736392,E
6.331019,7.632886,8.539717,E
3.221518,5.589810,7.118744,C
4.930584,8.302911,8.212170,C
7.842698,8.109387,9.299391,D
5.180164,6.529402,5.698506,A
7.253338,7.209704,6.830868,A
7.325693,6.719657,7.952318,E
9.249934,9.689550,8.391223,B
7.902283,10.548134,7.144325,D
5.778771,7.130872,7.865512,E
7.118312,7.883151,10.855589,D
8.964753,8.142877,8.061385,B
7.513667,7.626582,8.190157,D
6.876879,7.411881,7.355798,A
5.580257,7.338586,6.911875,A
10.050179,8.990781,8.356989,B
8.295831,7.880854,10.772713,D
6.505904,7.824802,6.966341,A
3.743357,7.024255,5.530484,C
5.667361,7.090658,6.939987,A
8.678167,8.700833,6.682321,B
7.573477,8.576643,8.131396,D
6.708897,8.305789,7.248754,A
4.367493,6.683805,7.153830,C
7.764412,7.297056,7.964518,B
5.854429,5.195121,8.534871,E
7.614570,8.925065,7.594565,D
6.237621,7.763151,8.115228,E
5.101550,7.435513,7.487279,C
8.715843,7.439207,7.639036,B
6.027383,7.957378,8.992776,E
6.938456,6.629793,8.289644,E
5.635408,6.685349,5.355445,A
6.161317,8.865659,8.368308,D
3.197430,6.607293,8.785591,C
7.876041,8.595839,8.578304,D
4.675963,6.494420,6.975412,C
3.773285,5.070346,5.644213,C
8.578996,8.602674,9.994481,B
8.648530,9.012752,9.783381,B
8.114953,9.835841,7.261309,B
5.677732,8.202731,6.943686,A
6.405104,7.392399,8.900273,E
7.727658,7.898520,9.367219,D
5.743819,6.002532,9.973672,E
8.564197,7.884565,8.246959,B
6.798961,7.947981,9.015971,D
4.812283,7.092104,7.904196,C
5.951907,6.955702,7.694300,A
4.305033,6.565373,7.568280,C
7.939434,7.976285,9.269762,D
5.220675,7.093973,8.603042,E
6.511319,5.595348,7.986033,E
9.137794,7.909860,9.924772,B
6.321519,6.173554,7.912141,E
4.578780,7.025494,8.155277,C
8.149141,7.372121,8.236445,B
7.490858,9.651989,7.731819,D
4.996236,9.888832,6.990347,A
8.499499,8.756211,9.023360,B
8.611088,8.490173,7.672557,B
4.756559,6.293832,5.733091,C
5.097236,6.355187,7.924594,C
6.842156,8.135826,10.088061,D
5.324618,5.412889,5.903273,C
5.679968,7.170263,6.979323,A
6.359161,8.739890,8.600098,D
7.586064,6.733894,5.890412,A
5.901226,7.903921,6.884063,A
4.231593,7.412181,7.593538,C
5.042936,6.839163,8.180065,C
4.261646,6.562249,7.494035,C
5.123564,7.402225,7.476299,C
6.353888,7.816664,5.281683,A
5.475104,5.135427,9.787394,E
3.291198,6.295611,6.930621,C
5.463368,8.494114,6.508803,A
7.226790,5.658617,9.756714,E
8.823629,8.941302,8.611654,B
6.489220,7.708411,9.368830,E
9.582005,8.088275,8.982597,B
6.625228,6.095849,7.758577,E
5.026491,9.087387,6.875259,A
5.867025,6.781215,6.796176,A
5.406407,6.845982,7.842977,C
5.442278,6.586182,6.858692,A
5.880417,8.572934,7.135510,A
9.479865,8.737161,9.761113,B
8.963757,7.799548,7.930873,B
5.224019,8.496548,9.823165,D
6.087833,9.214738,7.883834,D
6.093635,6.681422,8.305211,E
9.329294,9.586251,9.608518,B
3.294401,6.458669,6.901355,C
6.268946,8.145239,7.576930,A
2.370289,4.827297,7.313616,C
6.777069,6.337129,8.629259,E
8.567500,10.134731,7.715583,B
8.401394,8.764759,8.446829,B
5.975575,8.369368,8.947650,D
9.239513,8.163274,8.544176,B
9.986220,8.194354,6.790757,B
4.250663,5.649278,6.532205,C
9.124967,7.672876,8.777044,B
6.802348,7.666378,6.124424,A
3.106770,7.509271,10.126619,C
5.127177,7.510998,7.019432,A
4.080307,7.483396,9.298129,C
3.809971,9.237521,9.980021,D
2.072579,5.897400,6.978315,C
5.037654,6.662726,6.704182,C
7.088873,7.838156,7.308075,A
7.659449,8.412828,6.272230,A
8.410662,6.027772,8.380890,E
7.590340,9.182884,7.520166,D
7.872915,7.745374,8.532606,B
10.051024,8.668335,9.761319,B
8.765797,9.051992,7.709824,B
4.921498,7.770904,7.035632,A
3.430355,6.789891,6.554697,C
10.319383,8.735186,8.762180,B
5.786212,7.939777,9.221845,E
4.204997,8.320728,8.892999,C
8.782267,7.905720,9.000493,B
4.767145,6.686133,8.633335,C
7.664003,8.380499,8.245242,D
6.482486,8.318197,6.178769,A
9.451345,9.336603,9.144666,B
6.420008,8.310108,10.174716,D
10.306653,10.734907,9.200820,B
7.420649,8.154573,8.416677,D
8.044488,8.095913,9.462857,D
6.025368,6.002367,7.154618,A
8.456884,7.764180,7.692442,B
5.820948,6.749425,7.268126,A
6.438168,6.564883,6.096204,A
6.475758,6.666603,7.305863,A
7.190764,6.870406,8.119863,E
7.663911,6.473656,7.727728,E
7.301415,8.549490,8.325381,D
5.786887,6.856345,8.568685,E
7.739962,8.429576,8.461274,D
8.973383,7.235314,7.924061,B
8.989536,7.012016,7.790269,B
4.059881,4.520008,8.430110,C
4.793175,6.404482,6.452918,C
5.075156,9.506020,7.543902,D
2.751498,7.774811,8.393933,C
7.877555,9.547796,8.447339,D
9.857556,10.342545,9.005317,B
6.095961,5.985303,7.694577,E
8.137133,8.916042,7.410236,B
5.657715,5.830880,6.761925,A
8.069619,9.028809,6.917883,B
9.140102,10.095756,7.085045,B
4.229087,7.967375,6.545687,C
3.456910,7.891401,7.704115,C
7.915342,7.748765,9.039902,B
2.729996,6.125632,7.457347,C
6.916429,8.014408,7.605697,A
4.960797,6.119347,6.436050,C
7.629403,7.934531,9.115861,D
7.168281,7.907685,6.675168,A
3.676582,5.948969,7.839972,C
7.419914,8.588709,9.263565,D
4.037900,5.393667,5.759351,C
7.929510,6.256262,7.039612,A
7.043666,8.696628,9.569329,D
7.592410,6.186349,8.190966,E
6.290092,7.400580,6.697964,A
5.433185,7.715586,7.946423,A
5.239878,6.946414,6.669821,A
5.482628,6.585245,9.337498,E
6.618531,5.992370,7.927307,E
4.153624,6.284536,9.292446,C
5.739704,8.043523,8.855779,E
9.447096,8.572482,6.417078,B
6.807556,6.782824,8.891504,E
3.516565,6.356369,7.046074,C
4.910366,6.737766,7.014507,C
6.302997,7.050206,6.581266,A
10.081451,9.369807,8.026261,B
3.536682,6.932725,9.150622,C
4.089615,6.672490,7.546187,C
6.196463,9.285926,7.941935,D
6.346248,6.044605,9.081029,E
8.531067,7.447808,9.837298,B
6.038406,8.238575,6.768844,A
8.716477,7.827256,6.135648,B
4.837947,6.100265,9.275513,E
5.974003,6.172231,7.627704,E
3.789243,8.642337,9.353860,C
6.499752,6.440308,8.582285,E
7.377863,8.762139,8.438917,D
6.939154,6.935604,8.175972,E
5.914050,8.156589,7.375405,A
10.385891,10.434702,7.063815,B
6.672065,8.219978,9.867882,D
3.686581,7.047798,5.465447,C
7.665130,7.234716,8.452612,E
8.044015,7.675895,9.273774,B
3.978673,5.517174,8.418178,C
8.367603,9.782383,8.328841,B
4.446291,7.523154,7.539149,C
6.210872,7.298320,7.431873,A
11.894723,9.395530,8.971023,B
6.663336,7.754510,8.225734,E
5.554413,7.337670,6.859173,A
6.479737,7.734868,5.320590,A
5.453628,6.486462,9.925947,E
4.632764,6.369881,7.894148,C
6.895257,7.770992,9.565230,E
7.267620,8.090399,10.603953,D
9.850150,8.389427,8.884325,B
6.450581,7.847712,10.410673,E
6.844530,8.775119,6.371828,A
6.092050,8.244398,6.537706,A
8.763317,9.885538,8.633068,B
3.154404,5.964986,9.805783,C
4.836010,6.789905,7.846872,C
4.308628,8.257352,6.663705,C
6.115852,8.298912,8.154827,D
4.807778,6.383576,7.657438,C
4.133247,7.594833,5.607862,C
7.106991,8.299445,9.416011,D
6.307105,5.487066,7.369706,A
5.353103,8.098604,11.346272,E
7.760976,9.870554,6.788495,D
5.568330,8.462936,8.518317,D
9.184022,6.992633,11.221795,B
6.927008,8.160885,6.121025,A
9.390403,8.971466,7.632594,B
6.285261,8.175706,6.472944,A
6.750558,7.607720,6.675752,A
4.652693,7.650139,8.466814,C
4.449508,5.906753,6.406350,C
7.813715,8.396725,7.593812,B
3.994079,7.558510,8.638866,C
9.619403,7.104762,10.505642,B
7.654203,8.633039,9.929279,D
7.027137,6.997599,8.842343,E
8.844345,8.360743,9.649783,B
5.225059,8.946251,8.824470,D
5.303967,8.053638,6.297599,A
6.612429,8.200094,6.797261,A
8.377981,9.812643,9.882629,D
6.295856,9.842232,6.550307,A
6.670379,8.533124,6.608470,A
8.206787,7.018374,8.598765,B
10.318754,8.785804,9.454045,B
5.208362,5.797245,7.264848,C
5.233899,6.490600,6.361440,C
8.267477,6.718676,7.493504,B
4.324481,6.177400,7.370564,C
7.599629,7.822567,5.996626,A
3.739769,5.569843,8.164829,C
4.914193,6.023883,7.250202,C
7.242163,6.288820,6.230084,A
8.032573,9.460070,10.161763,D
5.083385,6.149698,7.928542,C
5.278097,4.456288,7.532511,C
7.132264,8.163820,6.479794,A
6.444971,6.954821,7.869048,E
5.485629,5.789114,6.745762,C
3.571480,6.604720,6.374137,C
6.829133,6.555022,8.441635,E
9.034406,8.430259,9.487751,B
8.019201,9.477026,8.446850,D
4.888938,4.547945,6.046848,C
5.930210,4.664333,8.222569,E
8.833284,8.232134,8.058380,B
7.758188,8.724837,7.534669,D
8.265937,8.445901,7.724024,B
8.297523,8.649248,7.822399,B
7.324652,7.283900,8.738079,E
8.422472,9.807071,8.649487,B
7.954608,7.281171,8.810101,B
5.881974,6.869605,8.470636,E
7.934195,7.734327,8.925663,B
10.280340,8.003733,8.695410,B
5.486119,5.933586,7.158147,C
6.947078,8.514083,8.982560,D
5.802842,5.967289,7.621161,E
5.821791,7.496794,7.814988,A
6.569516,5.318045,9.196185,E
8.375281,7.329274,8.934944,B
9.031509,7.415144,8.238633,B
5.711756,9.164900,8.722188,D
6.720609,6.813629,6.070833,A
9.343500,7.883998,7.793837,B
7.271305,8.567994,8.885624,D
5.633601,4.973990,8.664305,E
5.347547,5.201558,6.710853,C
4.798755,5.948460,5.997430,C
5.334732,6.503693,7.081051,C
5.443445,7.046069,6.144283,A
6.676393,7.195955,11.008901,E
8.803872,9.078302,8.628976,B
8.010593,10.023974,9.145489,D
7.385667,7.748005,8.865175,D
6.245037,7.989319,8.331834,E
6.032703,8.019678,8.385243,E
6.891867,7.209880,6.262565,A
5.537505,9.651080,9.827752,D
8.357802,8.764277,8.522841,B
6.434517,7.572643,7.718497,A
4.718234,6.070356,8.906576,C
4.527151,7.628685,9.539934,E
5.711849,7.983771,7.943903,A
7.156760,8.435295,7.458066,D
9.506093,8.073761,5.717049,B
6.943923,6.859983,7.382265,A
5.265679,9.025279,8.247158,D
4.889492,5.009377,6.367327,C
4.780433,8.364981,5.355993,A
7.435581,7.520191,8.966321,E
2.013042,6.807763,8.207575,C
5.789929,7.474502,7.727709,A
6.284312,6.085402,6.811995,A
4.971562,7.608859,9.111426,E
6.901632,8.057358,8.218247,D
6.496719,8.070752,10.429894,D
10.005978,11.802377,8.075875,B
7.418276,7.405472,6.593763,A
8.436708,6.791340,9.461189,B
7.783783,8.629316,8.668188,D
6.584979,8.622030,8.699762,D
4.898143,6.956730,6.519642,C
5.136263,6.574742,10.684126,E
6.727873,7.936888,8.500630,D
7.587214,6.556826,10.583657,E
6.158654,6.379352,6.440541,A
5.768126,6.616606,7.623941,A
7.088436,8.180910,8.300102,D
4.928238,7.647437,6.462057,A
4.295740,8.131908,8.353120,C
6.931292,5.691337,7.204873,A
6.066321,6.341180,6.320111,A
6.742100,7.773087,8.054417,E
3.651307,6.816314,7.149388,C
5.561213,6.417030,5.931367,A
7.538689,6.595312,8.588739,E
9.589335,6.583819,9.860474,B
8.279688,6.614142,7.980803,B
5.743848,5.685512,8.067346,E
9.928849,8.105759,8.529665,B
9.085979,7.110174,7.823598,B
7.988954,8.989968,6.789645,B
5.182528,6.716043,6.499764,C
6.069244,7.537497,8.368294,E
7.419377,10.434382,9.045411,D
6.277717,6.306260,9.796079,E
5.700587,8.213876,6.556046,A
6.623956,8.383279,10.486610,D
5.494809,6.144610,6.623693,A
6.185774,6.962762,7.522011,A
4.695470,7.151962,9.287276,E
6.603748,7.429124,10.243884,E
7.072114,8.454680,9.558439,D
6.474436,7.115951,6.836745,A
6.138121,7.511587,7.173433,A
5.761329,6.274285,8.334918,E
9.838465,9.091541,8.734291,B
5.212296,6.395540,7.064671,C
6.455121,8.102614,5.961938,A
6.122849,7.098632,8.511329,E
7.930988,8.005931,7.724445,B
7.465351,6.970558,8.575172,E
6.370295,6.363323,7.114066,A
5.114052,6.766847,7.365962,C
5.610077,7.115738,8.394053,E
8.059292,7.945024,8.658297,B
7.241911,11.444184,6.379099,D
5.736062,6.902046,8.488091,E
4.048409,5.956170,7.095921,C
8.311505,10.588431,8.325585,D
6.963858,7.673499,9.496524,E
5.175213,9.079329,8.413053,D
7.764318,7.816645,6.456080,A
4.982949,6.446768,7.208759,C
4.657715,7.851392,9.897673,E
7.599709,7.928137,7.732134,D
6.703262,8.754401,8.343112,D
8.503155,5.942417,8.636271,E
5.717422,10.881147,10.046863,D
6.656440,7.701369,8.226238,E
4.766831,5.884857,6.030342,C
8.682654,9.519639,8.325800,B
4.191859,6.273745,5.952967,C
7.732289,10.830668,8.472205,D
5.688738,6.580472,7.686975,A
5.920369,7.246807,7.487418,A
7.421685,9.043171,8.491699,D
6.313678,6.631136,5.539417,A
6.530534,7.809264,8.755377,E
2.343826,5.751118,7.671508,C
8.153776,7.348805,9.179562,B
7.578579,7.715221,8.711238,D
6.244297,6.656828,8.093009,E
8.890765,8.002915,7.450454,B
9.211092,6.617275,7.986046,B
4.274295,6.662206,7.940154,C
4.993638,4.549831,8.301044,C
6.788660,5.491700,9.800881,E
3.229804,5.983086,8.865116,C
6.255675,6.919317,8.781738,E
4.258080,3.761755,7.100763,C
7.431243,8.492606,8.816241,D
7.733510,7.458042,9.178414,E
5.532560,6.846700,6.831197,A
3.328813,7.375815,7.570899,C
8.236677,7.895639,8.417660,B
8.978157,8.866939,8.275493,B
7.431800,7.724220,7.345651,A
10.279124,7.263005,8.858229,B
9.661835,9.308633,6.784627,B
3.507469,4.993295,7.268407,C
3.265394,8.178507,7.302953,C
6.571980,6.370571,8.856778,E
5.996832,7.471790,6.350876,A
6.601997,7.291425,7.393779,A
7.619850,5.032665,8.346428,E
7.977760,8.459229,7.629801,B
7.523299,4.885190,7.638831,E
5.540918,8.368493,8.384488,D
8.299419,8.939435,7.942883,B
4.569202,7.267999,6.677401,C
8.444434,7.977368,7.457900,B
8.194534,9.255877,8.961552,D
5.444891,6.464020,7.852878,C
6.124368,9.162389,9.693810,D
8.357975,9.634969,9.471374,D
7.036459,8.852572,9.038010,D
6.882618,8.358875,7.492020,A
5.512838,9.666793,7.088194,D
6.452408,8.458863,8.658394,D
9.166718,9.588579,8.206700,B
9.621178,10.905325,6.705081,B
6.057412,7.575195,8.554998,E
5.582115,6.820572,7.372397,A
7.787340,6.548881,10.806863,E
5.856900,6.344281,5.511625,A
4.024431,6.580055,9.173671,C
7.355384,6.943234,7.883722,E
9.120342,9.125246,7.090124,B
8.770821,8.215942,7.253130,B
6.303257,5.854910,8.428815,E
5.254417,7.563773,8.525677,E
5.860138,5.748948,9.246011,E
9.178327,9.103546,8.611187,B
3.178711,6.585959,8.540835,C
7.568661,6.417963,7.581272,A
8.706525,9.599672,8.524781,B
6.430925,8.252370,7.294903,A
4.260540,7.151846,8.887972,C
5.675541,7.239311,7.830593,A
10.398611,8.925709,8.123889,B
4.430924,6.642584,6.798981,C
6.599062,6.650647,5.811436,A
6.433510,8.053429,7.918727,A
6.683292,8.890353,8.973832,D
7.137949,8.358630,8.038948,D
7.939668,9.035792,7.956415,D
9.034833,10.123729,7.779348,B
6.726817,6.970594,6.645034,A
9.036811,8.502608,9.004597,B
9.087867,7.544666,6.285708,B
9.752467,9.583334,8.898536,B
7.969602,9.864954,10.399591,D
3.959807,5.971168,8.206556,C
7.944240,6.202074,6.680046,A
7.640105,9.083615,7.561166,D
3.517027,5.284919,6.974303,C
5.851724,7.349053,7.431383,A
8.143712,7.399006,10.260638,B
5.389202,6.821163,7.697561,C
4.171124,7.400254,8.132189,C
7.930681,6.930510,7.766838,B
4.780806,8.492837,6.542877,A
5.404025,8.519161,6.580282,A
5.330892,7.283218,7.502418,A
6.744346,8.633467,10.027934,D
4.954513,6.430763,5.632725,C
2.455383,4.729578,8.153704,C
7.890180,7.216745,9.331693,E
5.548969,8.927314,7.819154,D
7.025475,7.278898,7.419318,A
6.602014,7.797891,9.392263,E
7.637686,8.346831,8.791877,D
6.218169,6.887302,8.295138,E
8.993843,8.429709,8.550855,B
4.551949,8.199089,8.172273,C
3.765155,6.787571,7.921217,C
3.705462,6.228546,7.096515,C
9.779735,9.768241,8.940291,B
4.867747,7.791516,9.364616,E
7.484504,8.344586,8.997769,D
8.710591,8.562761,9.140322,B
5.703257,7.067087,7.776813,A
6.829557,7.330982,8.394819,E
5.441253,6.717452,6.680083,A
8.710952,9.425756,9.613014,B
4.390421,7.110977,7.765452,C
4.027698,6.323492,9.273603,C
6.846956,8.845656,8.642501,D
8.221665,7.686758,6.909886,B
4.842222,5.936769,7.978110,C
9.277703,8.514365,8.627720,B
7.852085,7.136789,7.823794,B
9.411647,8.055293,7.645134,B
7.647518,8.061306,8.821926,D
8.483533,7.410198,8.931120,B
9.239726,9.224349,7.511752,B
7.855520,4.749640,6.467451,A
4.048084,5.861841,6.061899,C
8.517680,6.665511,7.878216,B
8.946309,7.855563,8.669404,B
4.103351,7.092078,8.232957,C
4.288547,6.333151,8.269368,C
8.549242,6.966835,7.462424,B
6.276421,7.729960,8.732168,E
3.995410,6.289708,8.085551,C
6.294706,7.321432,8.919099,E
4.373010,5.214725,8.343824,C
5.699855,8.145718,8.371962,E
6.716759,8.538735,8.601551,D
4.736584,5.958710,7.313471,C
4.595040,7.697177,7.286716,C
6.039089,6.691735,6.375222,A
8.341046,9.070610,7.834195,B
5.449578,7.461126,8.503130,E
8.499220,8.393247,9.396595,B
3.997577,7.942405,7.675434,C
7.383178,6.096927,6.600203,A
8.331293,8.422880,7.618922,B
3.471473,7.764253,7.732325,C
5.101549,5.173837,8.396116,C
5.761659,7.689043,8.869806,E
8.048178,8.827337,8.454634,D
7.094376,9.101785,9.086797,D
7.875782,8.103563,8.141493,B
7.530751,7.184166,9.634318,E
4.193762,7.214517,8.582669,C
10.713691,10.718300,9.407131,B
5.992621,7.319540,6.583387,A
6.531510,6.573483,7.494538,A
3.683142,6.984453,7.706366,C
3.124284,5.790021,8.943026,C
5.919105,4.349263,8.938067,E
6.802600,8.930197,9.152041,D
9.993575,8.494564,8.656576,B
6.472523,10.072752,7.660832,D
6.033820,8.821498,6.280586,A
4.682515,6.314677,6.448049,C
7.273546,8.935522,9.716581,D
6.369673,7.624133,8.030142,E
6.509171,8.363880,6.837407,A
7.233660,7.344482,6.285821,A
3.275176,7.953117,7.067048,C
8.725648,8.276585,10.057095,B
8.722105,8.806837,8.992465,B
4.829221,8.088682,8.045351,C
5.836253,7.758446,6.675991,A
8.936880,9.123765,9.725594,B
7.801783,6.291569,6.403727,A
6.130946,7.919821,7.934589,A
6.278626,7.926345,6.324012,A
6.593097,6.679927,8.509700,E
8.052026,9.617056,11.292595,D
7.311121,6.770896,8.511647,E
7.741377,9.174963,7.560630,D
8.361787,7.528329,7.155458,B
6.850383,7.454481,6.557809,A
6.621536,7.340544,8.434850,E
3.138322,3.777130,10.294017,C
5.644012,6.323056,7.151163,A
5.489565,7.145104,7.448312,A
7.715118,8.141919,8.323395,D
5.928420,8.356667,5.906430,A
7.943941,9.920224,8.136501,D
2.732458,6.525612,7.965628,C
7.503311,8.088336,6.747598,A
5.412062,7.102300,7.358913,A
8.088317,8.129605,9.999194,D
6.482129,7.233017,8.700376,E
5.385252,5.599214,8.628929,E
8.441027,7.741694,9.023526,B
5.697848,6.555575,6.940779,A
7.469000,8.229605,8.959864,D
5.934126,7.803454,5.508363,A
7.060016,8.607026,7.680726,D
6.557432,8.104839,7.762646,A
7.262910,8.102979,7.761835,D
6.238216,8.000306,7.042286,A
4.984451,6.673615,7.544195,C
6.733104,6.861445,9.656863,E
4.050810,5.326567,7.016302,C
4.381948,6.738564,6.770846,C
4.507028,4.589271,7.956011,C
4.520428,7.218676,7.351784,C
9.383675,7.670165,7.434008,B
7.350620,8.065677,7.637219,D
7.254181,8.204442,6.976158,A
4.620866,5.863131,7.623483,C
9.184388,8.783847,6.776420,B
7.212210,6.887419,7.663525,A
4.510802,5.932863,6.426308,C
7.124303,8.157709,6.932262,A
8.991179,6.735963,7.994831,B
8.257320,9.350004,8.799469,D
6.601424,6.644981,8.565113,E
7.816541,8.168321,5.257174,A
8.920859,7.867825,5.991740,B
7.538779,7.966394,9.413114,D
7.817629,7.614884,9.446972,D
8.009629,10.909085,9.496973,D
8.582656,7.097565,7.103039,B
7.084055,8.638352,8.900435,D
8.327414,8.048008,9.601692,B
6.366856,6.868984,9.334430,E
10.278194,7.187741,10.341499,B
10.404049,7.824978,8.678995,B
5.736623,6.205472,8.427384,E
6.887093,7.376651,8.652052,E
4.950156,7.156823,8.062874,C
9.951262,8.982234,7.456211,B
4.073092,6.098252,8.277064,C
6.562617,7.155025,8.492880,E
5.717219,7.679526,8.144102,E
8.681664,9.078757,9.813960,B
6.802835,9.635910,7.416646,D
8.298788,7.352962,8.366986,B
5.463562,8.010127,7.323877,A
5.382525,7.110796,7.424522,A
7.999121,8.450466,8.186994,B
6.837017,9.480020,9.744104,D
5.466979,7.307203,7.920106,E
5.037842,6.102335,7.120579,C
3.890756,7.191454,7.499707,C
8.782077,8.908276,7.228045,B
7.129922,7.054396,7.310651,A
8.417177,9.078128,5.951654,B
8.988252,7.793873,8.324419,B
7.821067,6.978089,7.529698,A
4.783727,6.063071,7.825140,C
6.858219,6.832298,9.451304,E
7.293422,8.242441,8.615660,D
9.761256,8.386911,8.606668,B
7.804582,8.825774,8.880453,D
6.184051,5.722215,8.019072,E
4.397595,5.685969,7.276070,C
5.379688,5.951328,8.072349,C
7.287335,7.999030,11.626876,D
6.220917,9.183859,6.563220,A
6.176433,7.527052,6.296413,A
3.226710,7.986514,8.725250,C
8.823992,8.165813,9.349033,B
3.717211,4.503586,7.736323,C
5.138889,7.371099,8.116350,C
8.087861,7.751549,8.637643,B
5.350648,6.776691,9.196959,E
6.979897,8.750327,9.069558,D
6.059983,7.979289,8.507060,E
10.568284,6.651153,9.182872,B
5.052987,7.716487,6.855506,A
5.288978,6.755397,7.874730,C
8.794564,6.961767,7.170657,B
5.965709,8.052174,8.792469,E
8.785239,7.199321,9.429860,B
9.709030,8.949732,10.576508,B
6.859185,5.914516,6.454513,A
5.315730,8.346104,7.276838,A
6.870060,9.110574,7.865054,D
5.475788,6.313235,8.094324,E
6.249991,6.959442,5.514666,A
6.653895,8.504602,6.920122,A
7.836665,9.988249,8.896350,D
7.760321,8.891478,9.776008,D
8.797689,9.042464,7.020356,B
8.616035,7.637774,8.473973,B
5.480917,5.895450,6.001758,A
6.092699,8.904650,8.641486,D
4.329229,5.891422,8.392664,C
5.310880,9.571040,8.279416,D
5.846112,6.972373,8.190849,E
8.611489,7.562449,9.633050,B
4.899950,5.731323,7.802910,C
9.705877,7.766343,7.776395,B
6.033903,7.550950,8.154498,E
7.482958,8.520601,9.728244,D
8.296164,6.974932,9.461046,B
5.724274,8.734323,8.055587,D
8.585838,8.603573,8.650546,B
2.540097,7.821365,7.754259,C
9.487664,9.415928,7.690444,B
6.318605,7.244282,6.356151,A
7.300939,6.772350,7.768281,E
8.704360,7.194802,10.181858,B
8.810811,8.077348,9.011901,B
3.629436,7.157935,6.974337,C
3.561446,5.934415,6.838181,C
7.400284,7.868282,8.907051,D
9.017663,8.620862,7.279019,B
7.823389,10.621653,8.514960,D
5.043443,5.048043,7.605107,C
6.190494,9.379456,9.100606,D
6.888233,8.178103,9.384481,D
7.775463,8.212044,8.598464,D
4.545816,5.724415,7.457005,C
7.105551,7.155339,6.411206,A
5.687504,8.619212,7.669703,A
4.511488,6.377308,7.284304,C
5.772026,7.272140,6.201399,A
6.551717,7.187709,7.245223,A
5.713835,7.435932,7.526379,A
7.451857,7.121409,7.469466,A
5.745161,8.262463,8.262036,D
7.878196,8.686793,8.889177,D
5.259862,6.531068,6.952793,C
4.208245,7.507200,7.629000,C
5.494784,6.300278,8.015056,E
7.896988,8.528594,7.532656,B
8.280664,8.772994,8.825267,B
3.845537,5.861646,9.529874,C
8.434655,8.136232,7.894822,B
4.920426,6.952858,6.306659,C
8.483642,7.481889,9.836636,B
6.421860,6.891234,7.787899,E
4.965025,10.487651,8.535386,D
4.193437,4.728649,6.198841,C
6.031278,7.791586,6.449598,A
4.080616,7.613159,8.862066,C
8.275093,9.001843,5.966728,B
6.919305,8.259581,7.050556,A
7.443665,8.174635,7.989498,D
7.459712,7.003960,8.787521,E
3.173028,5.356694,8.417027,C
6.378299,7.770765,10.024726,E
8.174183,7.300783,8.167623,B
10.071499,8.170574,7.997255,B
5.297040,7.562404,8.850094,E
6.572157,6.332954,7.163893,A
5.641417,8.303543,8.946253,D
4.541723,9.000644,7.371934,A
8.356395,7.657054,9.022704,B
5.455303,7.991594,8.046700,E
8.115205,9.192943,8.873185,D
8.117454,7.741902,9.374836,B
7.076911,9.572855,10.378793,D
9.848031,6.605201,7.799359,B
5.486417,8.330542,8.333555,D
4.605137,5.897291,6.496384,C
9.647041,6.332091,8.729691,B
5.142610,7.943811,7.272442,A
6.979866,8.498777,10.331937,D
7.383078,8.953305,8.854504,D
9.468524,7.023899,7.989629,B
4.092136,6.917136,5.628793,C
7.489197,6.754723,8.556539,E
7.677520,7.729085,9.148927,D
6.757319,7.170174,6.912517,A
10.115225,8.338479,9.320333,B
3.372486,5.303768,7.984412,C
6.143801,7.210553,6.721900,A
8.679612,7.122348,8.644330,B
4.387461,6.287853,7.315982,C
4.383583,6.271619,6.817029,C
4.826626,7.017135,7.079622,C
7.915945,7.669149,9.347038,D
5.843444,6.874209,6.757940,A
6.819381,8.889949,7.431855,D
8.448736,10.511912,8.834816,D
7.168194,7.261207,7.845724,E
5.272452,7.553125,8.361634,E
4.202450,8.149257,9.073126,C
6.267142,7.360834,8.460313,E
5.913185,8.828097,8.426737,D
4.458588,6.552306,6.028925,C
5.075478,6.099520,7.743748,C
6.164386,7.445050,8.827568,E
9.538477,8.286256,7.579109,B
8.739226,10.028686,8.642035,B
8.681047,8.092707,7.897856,B
6.259193,7.135334,7.273427,A
4.388053,7.189233,8.737378,C
5.498316,8.568372,7.185300,A
3.749640,7.907315,8.602850,C
4.563053,8.294056,6.470724,A
6.549344,7.724783,8.477658,E
4.686075,7.253966,6.785982,C
8.165958,8.822423,9.725829,D
5.821727,8.370100,5.483226,A
4.339530,7.370106,6.973189,C
6.758250,7.570996,9.959184,E
9.038331,7.274804,7.340210,B
6.460395,8.049968,9.420907,D
7.734011,8.181265,9.597210,D
4.018810,6.878441,8.719566,C
2.184649,6.882244,6.049425,C
4.507288,6.208562,7.740298,C
6.521195,7.639736,8.520577,E
6.554560,8.008372,8.893683,D
8.239014,8.632610,6.898001,B
8.399911,8.626653,9.957427,B
5.277572,8.170971,6.669506,A
6.440239,6.229290,7.142579,A
6.751880,8.561105,10.278497,D
5.641875,7.383786,7.737517,A
7.133674,7.028020,7.775599,A
10.768555,8.880034,7.188680,B
5.438100,7.546484,9.124932,E
9.254965,10.606404,8.869323,B
2.314426,4.936575,7.256414,C
9.161965,9.153129,9.563839,B
7.469323,5.952908,8.313754,E
8.760224,7.367529,8.964905,B
6.124093,7.499211,5.288940,A
5.521370,7.487239,7.617494,A
7.368274,8.038520,7.133595,A
9.171958,7.575975,7.699027,B
4.177911,6.516635,6.599689,C
4.601233,7.319451,6.898168,C
5.545859,6.169650,5.649482,A
5.606552,7.706095,9.381303,E
3.944323,6.285411,6.501522,C
6.184959,5.878184,6.840086,A
5.422240,5.232853,8.025724,C
7.401811,9.363159,7.782597,D
5.263294,5.848661,8.604128,E
4.278121,5.912713,7.536047,C
7.419892,8.730023,8.889411,D
6.595657,5.502205,6.936681,A
7.805217,7.511169,7.611917,B
5.081137,7.880434,6.173997,A
5.376183,7.470416,8.617608,E
7.341608,8.922081,7.552503,D
7.132421,7.536917,6.792235,A
5.189213,7.889414,8.441755,E
6.804578,8.090962,8.577904,D
8.803806,7.320754,10.219197,B
4.490526,6.773324,7.113220,C
9.659058,7.200138,10.113797,B
4.636090,7.971029,6.789637,C
4.280601,5.822082,8.453018,C
7.281791,6.763350,7.344655,A
6.158422,9.125930,7.608432,D
4.814104,7.194404,8.119037,C
8.701278,8.828270,9.512591,B
9.731305,10.177773,8.855315,B
6.887640,7.540025,9.071686,E
5.716611,7.587454,7.191613,A
6.475729,8.033896,7.670024,A
6.015482,6.847774,8.890309,E
7.812197,7.998464,8.489323,D
9.709546,7.218282,8.442998,B
8.861300,6.299540,8.119766,B
6.281425,7.974943,7.456424,A
5.710116,6.798075,8.180953,E
3.951656,6.175275,8.995686,C
7.547144,5.964156,7.711022,E
6.677917,7.987897,7.772133,A
6.054249,5.441374,7.333794,A
7.162792,9.222192,8.041748,D
9.571485,8.819355,8.635359,B
5.745887,6.966604,7.177602,A
7.021444,7.193223,5.795834,A
4.919551,6.210393,7.784403,C
7.186917,5.929110,7.963801,E
8.500885,7.111718,9.183655,B
8.596050,7.392329,8.140764,B
7.037396,8.178496,7.060918,A
8.669299,8.748001,7.531074,B
3.290402,5.785524,6.796584,C
5.121587,7.258834,7.548423,C
7.503517,6.512668,9.710646,E
6.784683,8.082331,8.366489,D
4.817834,6.562644,7.553529,C
5.466213,5.380785,6.417498,C
6.371386,8.887360,8.225466,D
7.222546,7.825591,8.128660,D
5.403034,8.813963,8.355886,D
6.320735,7.263482,8.831626,E
3.474413,9.071235,8.149370,C
10.719921,7.050594,7.960507,B
6.353679,6.929270,7.516082,A
8.717486,8.313362,8.841121,B
6.684468,8.316598,9.752394,D
5.016534,7.252562,6.944582,C
5.462646,7.206099,5.938434,A
10.898157,8.575331,7.813692,B
5.585945,6.985375,8.279369,E
6.662782,7.917966,9.111840,D
3.703717,6.606712,6.618288,C
4.752624,7.001996,8.438738,C
6.157775,7.721986,6.808882,A
6.184840,8.285231,7.352163,A
8.716421,7.619661,7.228522,B
7.524602,9.113224,8.821476,D
3.767517,6.710993,7.254477,C
4.212481,5.949761,8.232917,C
6.077083,7.087001,7.757044,A
4.027829,5.294407,7.108354,C
7.817146,7.562719,8.665797,B
5.417888,8.621996,7.859851,A
4.974780,7.681433,6.733628,A
6.078561,5.841206,7.966564,E
7.934257,6.205330,6.201898,A
6.788751,7.838564,7.251782,A
7.665644,8.038681,7.918023,D
9.009464,8.485340,7.827950,B
7.729354,7.680924,9.644420,D
4.519268,6.219355,6.929952,C
7.534043,9.980371,6.877885,D
6.139500,9.336830,8.849636,D
4.467724,6.920383,8.425422,C
7.439553,6.992115,9.422186,E
2.606550,6.563535,6.181065,C
7.919102,10.090211,9.794788,D
7.111632,7.102658,6.241480,A
6.225397,7.185807,7.314694,A
6.559981,6.442416,8.890025,E
8.643016,9.066000,7.849604,B
7.769998,9.592886,8.028254,D
6.356947,6.213358,7.682358,E
7.268699,7.030174,7.687289,A
3.874112,6.219676,8.833197,C
4.475454,7.764392,6.528668,C
7.738235,6.493471,7.058275,A
6.523133,8.199524,9.018804,D
3.575174,6.818542,7.626525,C
6.948343,10.097600,6.363278,D
5.987609,5.052657,6.770309,A
9.579205,7.977004,6.883179,B
8.119408,7.378065,7.965289,B
7.471212,8.406675,8.198074,D
7.512467,7.668557,6.165992,A
7.608120,8.049502,7.561591,D
8.892779,8.685763,7.128156,B
4.733095,5.973030,7.806120,C
9.456898,7.501609,10.407154,B
5.584427,7.899670,10.234359,E
3.961996,6.416523,7.120409,C
9.488037,8.536117,7.470850,B
3.302944,7.925070,7.163568,C
7.143828,8.461144,8.381468,D
8.933368,8.619000,9.668289,B
10.061935,8.583533,10.089869,B
9.433580,8.784675,7.963601,B
3.924373,5.151317,6.809484,C
8.029499,8.720321,8.124724,B
4.202493,6.670383,8.094965,C
8.463760,8.051492,8.038905,B
7.320531,8.112337,8.171136,D
4.354650,7.112262,8.022559,C
6.170008,6.235871,7.323412,A
10.282570,9.932899,8.789300,B
8.537130,8.555273,8.984952,B
6.277933,8.648323,8.731048,D
9.768620,9.799572,8.670320,B
5.128858,7.291486,5.906450,A
7.466886,8.550804,9.826137,D
8.422233,8.345098,7.900017,B
6.128751,5.724158,7.654030,E
6.031917,5.587721,7.782940,E
4.936619,6.623946,6.296488,C
5.149436,8.544405,6.862380,A
5.515655,7.178464,7.510232,A
5.479338,5.899565,10.565211,E
7.710079,7.683124,8.129041,B
4.469461,5.859287,6.893855,C
6.497748,8.782973,7.051513,A
4.283602,6.204319,7.043054,C
8.054299,9.840367,7.581905,D
6.486148,6.753132,8.477245,E
5.494043,4.487120,8.010216,C
6.679519,6.489675,7.429762,A
4.163027,5.598145,7.686546,C
8.070914,5.573248,6.216662,A
10.119908,8.710674,8.664579,B
5.723700,7.677034,7.973161,E
8.968191,8.997548,8.661552,B
4.056943,5.914206,8.682222,C
5.285780,7.759794,7.038443,A
9.904218,9.122852,8.897239,B
9.324375,7.632905,8.769212,B
5.441607,7.632393,7.808881,A
6.250675,7.171171,6.052389,A
2.479800,6.711114,6.404085,C
7.886368,8.119227,9.392342,D
7.873890,7.215752,7.176044,A
5.276356,5.745043,9.052847,E
9.418489,9.721319,9.611460,B
8.700316,8.390369,10.181743,B
4.959679,7.287147,8.693182,E
3.338431,7.409950,8.130563,C
7.458346,8.706880,8.937117,D
7.461708,6.265985,8.736995,E
8.093890,9.947949,7.056937,B
6.798007,8.966281,8.259323,D
7.993192,8.091105,6.456598,A
10.368094,6.812494,8.065449,B
5.083350,7.215290,7.573479,C
8.396630,7.697611,9.189875,B
5.537343,8.228781,6.149009,A
6.513783,7.373213,8.989395,E
4.302148,7.622241,8.260696,C
6.356129,6.430863,8.706350,E
5.038815,7.075423,8.682830,E
9.099359,8.859387,8.025328,B
4.142309,8.662681,8.047916,C
4.975302,7.041975,7.852532,C
2.673839,7.255746,7.604552,C
4.149903,4.680746,6.473159,C
7.393868,6.149248,6.931626,A
5.314635,7.418364,7.281012,A
6.541946,7.847443,7.163433,A
5.930130,7.302528,6.867107,A
7.357029,6.453554,8.597675,E
5.678030,6.516390,7.403520,A
3.810837,5.497771,8.553355,C
5.104069,6.308658,8.198315,C
6.167263,8.424220,6.779694,A
6.690497,5.804490,5.978975,A
5.654802,7.097504,6.947239,A
6.194115,6.970884,7.621109,A
3.807005,7.506319,6.516918,C
5.139306,7.758498,6.741567,A
6.206844,8.147243,7.720304,A
2.983821,5.758943,5.846145,C
4.522678,6.809857,7.425833,C
5.362776,7.207027,7.071297,A
6.178235,7.869064,7.648105,A
7.161841,9.463554,8.054621,D
7.447466,9.258273,9.131657,D
7.355200,7.696642,6.836613,A
3.197372,5.998502,7.581071,C
5.486799,6.659481,7.758761,C
4.643199,5.923144,7.664153,C
5.772127,6.394806,7.800517,E
6.579231,7.543947,8.969976,E
4.918576,5.474433,7.372035,C
4.788160,7.330634,8.828942,E
8.120568,7.688050,8.190096,B
5.496244,7.335730,8.205903,E
3.951746,7.455744,6.035563,C
5.637565,5.335423,7.702547,C
5.703037,6.019358,7.139098,A
6.472521,6.257860,6.815480,A
5.154427,8.033969,6.566335,A
7.629534,7.797994,8.769067,D
6.668616,8.724648,8.673689,D
6.804131,5.206948,7.742085,E
7.400732,7.442589,9.704666,E
4.807191,6.620752,6.939030,C
7.580481,7.671496,7.669450,A
4.179015,6.796087,6.107109,C
9.394271,8.799925,8.492304,B
5.262942,5.806232,7.454511,C
7.632298,11.086447,10.254733,D
7.637130,6.716864,9.030074,E
6.085129,6.936017,8.429941,E
3.793312,6.775497,7.826291,C
7.487268,6.450599,8.100305,E
8.601383,9.412777,8.544136,B
7.006685,6.370612,7.033542,A
6.111046,7.568951,8.530062,E
8.983805,8.432579,9.514255,B
6.806004,8.205081,7.230463,A
8.180159,7.861436,8.993245,B
6.702935,8.916651,8.666441,D
6.211178,7.953220,7.057080,A
8.473330,7.361820,8.471045,B
4.342192,5.690846,5.435717,C
5.837155,8.372702,8.353904,D
5.875676,6.898582,6.679840,A
5.275157,8.115432,9.091166,E
7.403419,5.421617,9.127020,E
6.718779,6.321040,6.805128,A
2.829728,6.295827,6.693890,C
5.207161,6.660728,9.529625,E
3.542400,5.626443,8.711190,C
6.454379,6.178879,8.264666,E
5.246684,6.478971,10.264920,E
6.882296,7.036274,6.607599,A
7.384220,7.684457,8.463656,D
4.963150,5.809206,7.741435,C
5.358685,8.413695,7.228360,A
8.401107,7.623240,8.092055,B
4.672622,6.294192,6.742771,C
5.436985,7.039833,7.667350,A
5.760013,6.467092,7.734062,E
6.230689,7.870626,7.677371,A
8.398368,8.958248,7.890439,B
6.449998,7.905223,8.199131,E
6.192189,6.741405,6.631642,A
9.912503,10.021126,8.972022,B
6.058537,7.617460,9.801042,E
2.739004,6.555821,8.301870,C
4.177392,6.032902,9.358652,C
7.648161,7.885835,7.997936,D
7.303735,9.436718,8.468761,D
7.975296,10.344451,7.570070,D
7.269260,6.318671,10.991529,E
5.562718,6.611847,7.430002,A
4.043617,6.998427,6.961602,C
6.404755,6.417244,6.568618,A
5.271458,7.163786,7.218639,A
4.168895,4.387571,6.289303,C
5.332066,7.933667,6.382519,A
7.764387,7.940279,8.164210,B
6.350368,6.061065,8.347421,E
8.299931,9.399772,8.157804,B
5.881395,7.115154,7.394180,A
2.238054,6.110109,8.230309,C
6.784444,6.281059,8.032394,E
7.029046,7.467846,7.662037,A
7.790609,6.670843,7.791785,E
8.498061,6.755711,8.920486,B
7.521384,9.270583,9.682123,D
4.488481,7.359441,7.150835,C
6.038872,7.681771,7.333421,A
8.548717,8.804989,9.073028,B
5.413535,5.907776,8.817109,E
5.353149,8.815276,7.198070,A
8.858328,7.217275,6.169375,B
9.261757,8.885086,9.787549,B
6.503944,7.210760,7.202031,A
4.486616,6.603959,5.912899,C
4.669648,6.190062,8.059561,C
6.672578,7.641483,8.088749,E
1.847316,6.407220,8.094689,C
7.963268,7.094488,9.821363,E
6.096209,7.743051,7.840280,A
6.253601,7.152054,8.351629,E
5.360188,5.353808,8.794367,E
6.086435,5.671390,7.829887,E
8.874540,10.936169,8.474217,B
6.095110,7.271595,9.077669,E
5.196742,9.266638,7.042991,A
6.340725,8.322663,6.622191,A
7.116562,7.886367,8.122684,D
6.358481,7.644479,8.026061,E
5.348871,6.775424,8.126410,E
6.151718,7.289168,6.888963,A
3.211203,6.588558,6.355771,C
7.422505,6.888682,9.975438,E
4.432978,6.023836,6.066572,C
6.708163,7.284246,9.875788,E
9.967471,6.319552,8.914994,B
5.766766,5.937834,7.505435,C
7.407284,6.946674,7.653925,A
8.305463,8.391983,7.947951,B
3.719408,6.481078,7.299523,C
5.466533,6.911638,6.982785,A
10.012565,8.581954,8.848568,B
6.361601,7.196752,7.155502,A
9.906560,8.198024,7.828079,B
6.822611,7.299480,6.242060,A
7.236244,7.252539,8.981384,E
5.311104,4.507430,6.985976,C
5.844379,6.396035,7.366012,A
6.074731,7.434490,7.188167,A
6.448964,8.834898,8.552453,D
7.597211,9.281623,9.238420,D
7.675502,8.053168,9.454010,D
5.526038,6.997633,7.771610,A
5.501086,7.469086,7.509191,A
8.736979,9.449093,7.844311,B
7.657701,7.464276,9.340341,E
6.431337,8.375140,6.866302,A
8.064443,7.286130,8.735730,B
5.586606,4.697375,6.785726,C
8.581926,6.812215,6.792328,B
6.944831,8.232514,9.548147,D
9.154242,10.681727,8.508885,B
5.453260,7.546406,8.172393,E
9.537102,8.084502,9.387887,B
6.747990,7.885538,8.956676,D
6.539854,9.986728,8.219432,D
7.345006,6.714506,7.229217,A
6.617958,6.565978,8.321610,E
4.411681,6.545269,7.720408,C
3.476151,6.722671,8.161550,C
9.601521,8.651844,7.416694,B
7.132957,6.876617,6.506640,A
9.361852,6.212616,6.666423,B
8.079005,8.729550,7.296731,B
8.836972,9.521721,9.782789,B
3.873049,4.787390,7.219625,C
9.464203,9.618868,6.681368,B
7.241936,5.570990,8.508006,E
6.402043,6.914433,8.779846,E
9.527410,11.550583,7.453389,B
5.308900,7.213705,7.994597,E
3.255112,7.052676,6.846578,C
6.385076,7.528482,8.277248,E
9.453086,8.469276,9.133816,B
5.648653,8.815913,8.304598,D
7.166411,7.635420,9.568245,E
9.044312,7.034000,7.530647,B
5.071857,8.064268,7.315167,A
9.892876,7.878722,8.157312,B
5.325961,7.442982,6.886335,A
6.854979,6.441836,7.774844,E
9.540107,8.806288,7.080439,B
6.695660,6.082996,5.902882,A
7.557907,8.398514,9.821207,D
6.274470,7.183501,8.081076,E
9.082918,8.362622,7.761265,B
7.932737,9.376610,10.371931,D
8.799696,8.465435,8.490843,B
5.187864,7.664552,7.320895,A
7.348055,7.185194,7.780157,A
6.263504,7.220131,9.152441,E
6.600551,8.115303,10.456472,D
9.958701,9.531198,7.163021,B
6.471480,7.200492,8.025081,E
8.108410,7.663648,8.542832,B
7.988412,7.491407,8.149568,B
7.111925,7.082490,8.490248,E
8.536883,9.320996,9.566869,B
9.000028,9.383822,8.119844,B
6.148617,7.619908,8.212179,E
5.773885,6.314358,6.790419,A
4.483641,5.881453,7.633886,C
6.193360,3.781169,6.745139,C
7.332037,9.330561,7.362251,D
6.729467,6.268374,8.904587,E
4.000242,7.750521,6.390351,C
3.311701,6.394199,9.403873,C
5.362857,8.097310,9.083070,E
9.176630,8.538868,7.453881,B
2.292458,5.872371,7.831024,C
6.656863,6.989700,7.678833,A
6.609889,7.140485,10.219861,E
5.929384,7.352141,7.970695,E
9.822739,7.994758,10.352776,B
2.986529,7.965678,8.357131,C
4.765928,7.247180,10.213774,E
4.637319,5.835146,6.584564,C
7.968820,7.854856,7.483305,B
8.723958,8.418985,6.257447,B
5.386666,4.731581,10.038071,E
8.971746,10.163597,7.122081,B
6.210010,7.529538,7.778549,A
5.820939,5.929280,6.029657,A
5.554632,7.247392,8.186067,E
4.918893,5.276432,6.224847,C
7.346313,7.552616,6.855652,A
9.221886,8.042358,8.549646,B
6.622008,9.012219,6.646929,A
6.441000,8.168370,10.166682,D
4.841312,7.729469,6.887687,C
6.488037,6.619745,7.535134,A
5.891550,8.199069,7.831728,A
6.180846,6.818058,8.282440,E
3.920346,7.161315,8.560290,C
8.182637,8.827913,7.894855,B
6.479936,6.313813,9.083730,E
4.710090,6.931976,8.502749,C
7.033292,6.193820,8.176107,E
7.534503,8.291151,10.835876,D
6.316351,9.076375,6.828059,A
7.488906,7.523098,8.649331,E
7.849274,7.531452,7.824318,B
5.477848,8.519363,8.897727,D
4.354173,7.820262,6.164983,C
7.096162,8.321998,7.257779,A
5.793667,7.640476,9.755046,E
4.757880,6.549830,9.044895,C
7.159547,8.207229,8.570314,D
6.061738,5.458769,8.182938,E
5.458781,8.618623,8.222465,D
4.250531,6.331458,7.585997,C
7.644302,6.759460,7.856897,E
7.669510,6.413201,7.158747,A
7.147052,9.603372,6.255574,A
6.263665,7.782092,7.122148,A
7.370610,8.143511,9.892843,D
9.037675,7.442291,10.216853,B
7.509268,7.277833,11.050207,E
9.328777,7.341529,8.607435,B
6.023189,7.276245,10.965321,E
3.047208,7.431239,7.366091,C
8.946938,7.490288,8.067720,B
7.874266,6.903634,9.301929,E
3.193709,5.929079,6.886337,C
3.967072,6.673706,7.372110,C
7.287465,6.201924,7.177515,A
10.007265,9.093467,8.638205,B
7.507586,7.423949,7.067919,A
6.529079,10.010510,9.185220,D
9.054873,8.659703,8.533289,B
8.241881,7.127720,10.060113,B
3.680417,5.967809,7.420759,C
8.918533,6.255321,10.930476,B
8.257231,6.144087,8.204971,E
5.217321,5.518523,7.672091,C
9.760822,9.337596,8.640156,B
9.519856,8.470885,7.733248,B
6.088309,7.714996,8.012830,E
3.013390,7.468291,6.251685,C
6.344603,7.350955,8.811997,E
2.986115,6.407286,7.563031,C
6.502085,7.454655,7.799555,A
6.491000,6.398944,7.812508,E
5.196024,6.946993,8.107183,C
3.153411,7.134570,7.625159,C
8.047951,7.549104,7.469089,B
7.432900,5.708833,7.032526,A
6.030096,8.737773,8.908844,D
7.468588,7.581583,9.437954,E
9.424466,7.740325,8.200982,B
5.774690,6.262124,8.718635,E
9.024542,9.234140,7.370700,B
7.136457,7.783493,8.265391,D
6.242389,5.774603,7.961581,E
5.179878,6.545777,7.292207,C
2.504947,7.703625,9.326104,C
5.238050,7.890977,8.886598,E
5.259335,7.120136,7.193958,A
7.208770,9.869120,7.349541,D
4.403359,6.036587,6.798354,C
7.743832,6.521139,6.183493,A
4.620222,5.695977,8.658279,C
8.763337,8.826199,7.356024,B
5.189355,8.189819,8.266346,E
6.638634,5.598701,6.688767,A
6.304710,5.582567,8.096005,E
6.106141,6.882117,5.514050,A
5.856660,7.290042,6.674061,A
6.191337,7.309342,6.607119,A
6.810900,7.489443,6.830024,A
2.996395,6.793447,7.656504,C
5.384409,7.346190,7.502890,A
6.275113,7.816725,6.821710,A
6.095844,6.887124,10.292104,E
4.822261,7.314726,8.489707,C
5.509033,7.484888,9.172290,E
5.435733,8.527807,8.029270,D
7.847608,8.429729,7.348806,B
8.063910,7.233679,9.087692,B
6.579188,7.226916,7.828778,A
7.937157,7.794363,7.319192,B
7.429175,6.609450,9.821375,E
6.044501,7.038971,8.457832,E
7.089663,7.966756,7.872870,D
4.985284,8.144887,8.507287,E
6.078740,5.651019,7.616632,E
5.145631,6.664021,9.640783,E
6.577092,7.678649,8.082975,E
3.895691,5.385081,6.350043,C
4.898208,7.484044,8.356796,C
7.104339,7.027005,8.760814,E
6.227997,9.171747,8.308921,D
5.842813,7.302778,7.562303,A
7.073114,7.544757,8.223121,E
3.603064,5.884514,5.885062,C
5.074428,7.589444,6.431915,A
4.154827,6.664469,7.401329,C
7.257877,7.769099,7.877959,D
4.124781,6.939113,6.484044,C
6.939475,7.445063,7.612970,A
8.948864,9.310121,8.839881,B
7.841483,9.255143,7.733093,D
6.657964,6.211343,10.594408,E
6.795183,7.142515,7.786425,A
8.311186,8.605617,10.283446,D
5.269130,8.380402,6.818755,A
5.527197,6.214621,6.493067,A
8.103393,7.387866,6.254334,A
6.366390,8.316380,8.587928,D
7.427558,8.805872,7.534745,D
5.819911,6.805696,7.119223,A
7.270582,9.223006,7.076953,D
6.995641,8.474462,7.180575,A
2.357922,7.327330,8.172942,C
2.289405,9.134077,8.710353,C
6.605808,8.445179,9.711124,D
6.148929,7.592648,8.572650,E
6.227937,8.333103,9.366789,D
4.697312,8.662112,8.354034,C
8.405584,8.061510,9.708112,B
4.786571,6.240438,7.624212,C
9.006086,8.304826,8.856368,B
5.980052,7.376033,8.102139,E
8.451902,7.056650,6.721473,B
3.675180,5.518884,7.878368,C
6.986732,8.634920,6.986002,A
5.811394,8.472892,9.036298,D
5.012489,7.228017,5.919522,A
8.633756,9.045036,9.215461,B
9.442878,8.351491,8.532843,B
7.607339,6.918947,7.363266,A
6.050892,6.388395,8.456136,E
6.385940,9.138184,8.065084,D
6.667204,5.239310,5.630034,A
5.058081,7.332358,9.235324,E
8.597523,9.836578,9.489357,B
7.582071,7.739262,8.684086,D
4.627762,7.628661,7.159725,C
6.409113,7.260874,8.846647,E
7.320276,8.136217,7.535869,A
7.133748,7.365063,10.198185,E
7.355139,8.719175,7.997406,D
7.724173,7.425688,8.275482,B
6.787586,8.376172,8.369064,D
7.059353,7.631497,9.300762,E
4.817541,5.125717,8.158487,C
4.616741,5.525156,8.234532,C
9.228374,8.157956,8.446115,B
10.059739,9.582716,7.165395,B
7.697824,7.021261,8.222539,E
7.342121,8.211881,8.465591,D
6.811934,6.457857,7.626333,A
5.163633,8.088061,5.952350,A
6.308883,6.987078,8.176046,E
6.480019,8.528065,7.617798,D
7.252791,7.742181,6.760960,A
5.949021,6.674113,9.756402,E
7.644809,8.697929,9.359716,D
8.771601,7.140207,9.391348,B
7.446517,9.686975,8.186494,D
6.928617,6.131395,9.572818,E
3.192010,6.535531,8.742445,C
3.464615,7.762403,5.886357,C
6.249477,7.046206,8.063882,E
8.219621,6.558793,7.520787,B
3.490244,7.057236,7.408548,C
4.285535,6.790780,6.016179,C
5.750472,4.549131,8.050486,C
7.339214,8.914038,7.994771,D
7.861597,7.517103,9.480168,D
6.421980,8.472558,9.577181,D
7.365294,8.131710,8.787774,D
6.371418,7.234421,6.649291,A
7.343786,7.597011,7.910404,A
4.094454,7.026556,6.995848,C
6.353485,9.311791,7.106142,D
6.588939,6.849433,8.437616,E
7.426138,6.797386,8.538598,E
5.178291,6.698670,8.092859,C
6.211202,7.363128,8.077259,E
6.060714,7.274479,7.485592,A
7.696543,8.609989,8.589087,D
6.337885,8.245550,7.468206,A
11.408422,7.060744,8.072746,B
5.604345,7.192469,7.767927,A
5.628413,7.513604,8.111438,E
6.874451,6.597313,9.224642,E
5.887103,8.334344,7.332020,A
5.517050,6.130088,5.956100,A
8.255813,7.390973,8.400422,B
7.103586,8.370913,8.537549,D
7.922029,7.089711,8.329217,B
7.498069,7.739113,8.523641,D
6.804162,8.875396,7.011081,A
4.885575,7.801277,8.564717,E
10.410343,6.395646,6.419188,B
5.095703,4.638240,7.462946,C
5.220103,4.899064,8.721036,C
10.386084,10.238270,9.374236,B
5.609275,8.201631,8.490810,E
5.381996,6.330252,7.638598,C
3.717913,7.793890,5.896627,C
5.662452,7.333867,8.709446,E
7.543995,8.033540,8.469151,D
6.394724,7.229480,7.919425,E
6.237119,7.769640,7.254192,A
9.192961,7.627370,8.220685,B
5.527595,6.493884,10.541711,E
6.244927,6.635634,7.339018,A
4.963024,9.164968,8.248347,D
8.606675,9.744242,8.387595,B
4.410976,5.403943,7.485486,C
4.755443,6.717551,6.183744,C
4.792840,7.648192,6.716028,C
5.587953,8.031912,8.311907,E
6.722079,6.668386,9.307326,E
7.569611,6.737539,8.655151,E
5.901488,7.755253,9.334564,E
9.029736,5.917082,7.357414,B
6.303894,7.379278,5.287542,A
9.162103,7.107245,6.589820,B
7.819276,7.576814,9.020531,D
9.507300,8.108001,8.393897,B
4.554782,6.873125,6.309310,C
6.288221,7.319734,7.631503,A
7.811043,8.463510,11.358613,D
4.450372,7.277362,7.316087,C
4.149041,4.464022,8.255389,C
7.148489,6.444781,7.980394,E
5.893834,8.061464,7.945285,A
7.458697,9.352126,8.727942,D
4.276634,6.375904,8.197037,C
4.991640,6.195522,9.513216,E
5.136845,6.209822,7.503841,C
6.248446,6.667473,8.260503,E
5.246751,8.063567,7.163816,A
8.866248,10.161108,7.294959,B
6.915893,8.106112,6.592275,A
6.520721,9.009066,9.237421,D
4.294643,5.929743,7.564892,C
7.950232,8.097302,7.052721,B
8.191217,8.577662,10.035444,D
5.961776,6.539161,8.611679,E
7.440102,8.512849,8.438673,D
8.336225,7.986733,7.283860,B
5.202928,7.064414,6.970362,A
2.957596,7.673174,7.658657,C
5.928085,6.905641,7.436773,A
9.298024,8.089320,7.798112,B
3.927685,6.073769,8.949249,C
5.309840,7.341176,6.818449,A
6.042962,7.731941,7.046468,A
7.561900,8.199713,9.394327,D
4.252598,6.666862,7.124394,C
6.187805,7.016492,9.045744,E
2.789023,6.027654,6.391625,C
4.374314,6.596100,7.531119,C
7.553658,6.329240,6.555295,A
9.961618,8.958781,7.772991,B
7.661079,6.313095,10.038029,E
3.450682,6.850575,8.100249,C
9.340690,8.712359,7.353661,B
3.697185,6.077021,6.832220,C
8.928002,8.187674,8.023910,B
4.572243,7.530590,9.939947,E
7.135290,8.817527,9.709529,D
7.208159,7.922602,8.634776,D
7.508209,6.737235,8.046804,E
7.649802,8.301949,9.551059,D
2.691969,5.953510,7.773003,C
5.666513,7.786751,8.347672,E
6.215347,6.595505,6.527059,A
7.100889,7.499273,7.240205,A
6.339790,7.238181,9.022493,E
5.483796,6.247763,9.287797,E
6.590205,7.318750,6.584378,A
7.657634,7.291613,9.176424,E
7.840305,6.731641,8.045442,E
6.409428,8.487717,6.586660,A
5.829875,6.794721,7.110970,A
6.786978,6.509796,8.576479,E
7.690032,10.722979,9.025539,D
9.287499,7.905458,8.742491,B
4.946871,9.991906,8.743004,D
7.808226,8.347576,7.968446,D
8.785557,9.794191,8.687814,B
4.352655,7.422933,8.667631,C
9.009573,8.999965,7.471155,B
9.836006,8.236029,10.081432,B
6.488284,6.625583,8.784920,E
7.969208,7.832168,7.763430,B
6.956886,6.528427,7.827262,E
6.596641,10.293401,10.331322,D
9.396145,9.350961,8.995175,B
4.509587,6.226512,6.618550,C
3.169603,7.641915,8.081976,C
4.494859,7.048454,7.162754,C
8.216348,8.845603,10.202630,D
5.176105,8.251685,8.457108,E
5.946316,8.278739,7.340482,A
5.683410,6.393441,8.322536,E
9.740021,8.123040,8.328192,B
5.367889,7.445909,7.490556,A
4.474195,5.541023,7.859177,C
5.629210,8.992519,10.248065,D
4.187224,5.306848,7.702655,C
6.076998,8.223924,8.075394,D
6.661863,7.124057,8.008851,E
8.603605,9.509600,7.930674,B
4.335070,7.335312,8.652911,C
7.827757,9.054745,6.264482,A
5.748656,6.993591,8.994216,E
7.811315,7.679468,7.528709,B
5.967301,7.805186,8.894091,E
7.756563,9.692901,8.568144,D
6.373779,7.576057,6.743313,A
4.966791,5.973672,7.851046,C
2.918554,7.192429,8.925008,C
5.611523,6.891763,7.075362,A
6.978493,6.746418,7.568455,A
6.359119,7.282479,7.893931,E
5.202218,9.014177,5.475297,A
4.597580,6.508632,6.271844,C
9.488969,8.421367,8.634462,B
6.303525,6.959100,7.201630,A
4.864145,5.705625,8.200850,C
5.120738,7.811158,6.820768,A
9.626642,7.960009,7.829898,B
8.593278,9.270471,8.195762,B
8.666670,8.276419,8.135337,B
4.148542,6.452281,6.667897,C
6.213665,7.570824,7.200655,A
4.811186,6.118795,7.632729,C
9.930548,8.635166,8.877148,B
7.565482,8.911446,8.145602,D
3.140841,5.058635,6.704860,C
7.820649,6.905077,6.795047,A
6.173776,8.435660,6.532473,A
6.933003,7.923271,6.862603,A
6.375490,7.096549,8.368279,E
8.311536,9.301365,8.803193,B
6.506348,7.794266,8.223259,E
5.878407,7.657294,9.323855,E
3.287489,7.636640,5.451382,C
6.509289,8.244197,7.910065,D
7.566015,7.083762,9.706337,E
5.079014,5.706114,8.283926,C
5.702342,6.516473,6.878793,A
6.913339,7.656007,7.537357,A
3.502917,6.146129,7.933926,C
7.800472,9.060319,9.554006,D
7.134921,8.254066,8.179753,D
5.561405,8.212842,9.993375,E
6.139828,7.444010,9.175988,E
9.133933,8.450529,8.804359,B
8.205343,8.433504,9.655278,D
5.307792,7.596109,7.515968,A
6.526426,6.140873,8.725513,E
7.659674,7.780953,9.547355,D
4.702707,6.933121,5.180069,C
7.137284,7.270696,7.349422,A
5.525299,7.363986,8.420595,E
4.120285,5.996715,8.280971,C
6.293401,7.425240,8.359922,E
7.884026,8.672271,9.201849,D
5.504878,7.269529,12.555657,E
5.760729,5.260660,5.770894,A
8.553279,7.780953,7.116967,B
5.370315,6.365733,7.417811,C
4.312125,6.726877,6.612639,C
4.124846,5.413112,6.772375,C
10.124814,9.440459,10.567488,B
4.030090,4.894279,6.654299,C
7.908139,6.111834,6.309756,A
8.117241,6.597580,7.896685,B
6.710355,8.003836,8.052918,D
5.415352,8.700732,8.959933,D
8.162784,7.168732,9.411543,B
3.709905,5.840171,9.439910,C
7.325056,9.076459,6.503332,A
4.520380,6.230638,7.392420,C
8.377950,8.279178,9.413421,B
6.032840,7.736485,9.075873,E
3.636769,6.277122,8.492886,C
7.372156,8.458621,8.281921,D
7.027109,7.527907,8.442736,E
7.576952,10.527297,8.972313,D
3.972644,7.315736,6.369634,C
7.088402,8.589226,8.685983,D
5.559905,4.644885,8.321682,C
6.021542,8.561246,11.469923,D
3.081764,7.125401,7.064709,C
4.690500,5.313656,8.483774,C
7.115776,5.557097,9.929884,E
6.527965,8.155415,8.621006,D
5.727017,6.656163,7.810686,E
11.061070,8.311939,7.110649,B
7.642149,7.111253,8.223060,E
5.085686,5.329824,8.374186,C
5.986657,6.205863,8.728404,E
7.215666,10.041762,10.265170,D
5.979792,5.822370,4.909217,A
4.910031,7.358434,8.923114,E
5.956584,7.126010,8.024319,E
8.487790,7.388828,6.342133,A
10.050047,6.775541,8.764806,B
7.716798,9.280791,9.327174,D
6.813705,8.198479,8.532453,D
6.830026,9.406196,7.342633,D
6.174696,7.611780,8.221794,E
7.923963,6.920043,9.048191,E
4.237909,6.934404,6.153580,C
7.448549,8.086659,7.225167,A
7.456125,6.878000,4.919389,A
3.628897,7.382775,7.773161,C
7.693489,7.737557,8.947447,D
5.215841,7.265826,7.983513,C
6.685431,9.289931,7.651212,D
10.545857,8.409641,9.034138,B
4.898074,6.237838,4.452826,A
6.230290,7.989236,8.460876,E
5.053718,6.636587,7.478700,C
6.740003,6.705767,8.304483,E
7.261322,4.260193,4.886220,A
5.701070,8.043946,10.418886,E
7.478792,7.720372,8.187713,D
6.499906,8.319023,9.823217,D
7.704823,7.202804,6.445156,A
2.447033,5.305844,8.848867,C
7.447309,9.059513,9.189489,D
4.264274,9.309948,8.052462,C
5.578661,5.895194,6.866356,C
6.855901,7.123128,9.424918,E
8.620193,8.849924,6.977452,B
8.031742,7.141136,8.581859,B
5.510483,7.131072,7.249696,A
6.944295,8.748784,8.517044,D
5.035740,8.315665,7.264852,A
4.553439,7.221713,9.132785,C
6.344799,6.492821,9.777025,E
8.489554,9.362205,8.412498,B
7.340013,7.588010,7.695024,A
7.485641,8.588642,10.160961,D
1.918813,7.793644,6.289465,C
4.303513,6.544162,6.914714,C
4.356235,7.892811,6.398545,C
7.277561,6.792795,9.592054,E
9.933296,9.256450,7.936137,B
9.805875,6.619693,7.515933,B
6.926904,8.341249,9.941054,D
6.725367,6.062364,7.176493,A
9.676653,9.690197,7.031868,B
6.422470,5.815941,6.676966,A
5.444945,7.189110,8.044998,E
5.760982,5.994020,8.140085,E
7.348262,7.434990,7.944100,E
8.361387,8.517256,8.526987,B
4.258816,7.010914,7.763148,C
4.973663,8.349067,7.155138,A
3.641899,5.860470,6.879337,C
5.519406,6.897925,6.384829,A
4.679509,7.177991,8.533666,C
7.255419,8.308166,9.478890,D
5.076298,7.843635,6.314488,A
7.891401,7.513670,8.909914,B
6.378647,8.235060,7.356441,A
5.741792,7.124620,8.586593,E
6.490738,8.182899,7.962827,D
5.031422,6.311274,7.149712,C
6.834667,6.182489,8.156131,E
5.787261,8.710783,7.134955,A
7.006406,7.331936,8.414335,E
5.439545,8.156815,7.998139,A
6.380380,7.829155,8.859941,E
7.832834,8.830498,9.550164,D
5.461117,8.199087,8.450431,E
7.500650,7.818856,6.607993,A
6.349218,8.452948,7.575442,A
9.259735,6.336720,5.574292,A
5.952199,9.156033,9.630968,D
5.287969,6.605174,7.044640,C
4.788236,8.011505,7.586323,C
7.602276,9.356924,8.465385,D
5.738433,7.509360,9.431792,E
5.726553,7.688263,8.830969,E
6.857105,7.421341,7.412919,A
10.268782,7.812533,7.474445,B
6.246969,6.313995,7.681666,E
9.354629,9.044026,8.587797,B
8.103711,9.094591,9.853779,D
5.562270,8.195482,7.514341,A
4.791728,8.450708,9.231840,E
6.399358,9.586105,5.984738,A
9.251149,9.220783,9.697559,B
5.548588,7.622072,8.511739,E
4.286168,5.509254,7.668486,C
7.174544,9.372425,8.609740,D
6.098019,8.973019,7.789528,D
4.158824,7.311597,7.452630,C
6.907059,7.318769,8.060236,E
5.554701,6.003287,9.729709,E
7.631609,10.398138,8.904792,D
5.155113,8.355939,6.373373,A
6.299201,5.771333,6.121171,A
5.276140,7.993013,7.307732,A
6.171051,8.101867,9.565424,D
7.963575,8.306221,7.944923,B
5.272441,5.797612,7.445382,C
5.525481,7.145040,8.744401,E
7.434065,8.477330,6.971734,A
4.255179,5.017410,6.638825,C
8.621148,8.248188,9.190651,B
9.154789,8.297189,7.815757,B
7.984253,7.154470,7.930136,B
5.566639,9.143869,7.321772,A
4.988112,6.081128,7.122363,C
5.100342,7.847720,7.094009,A
6.477106,8.816448,6.404844,A
5.233061,7.341371,6.779645,A
5.399211,8.063383,8.842948,E
7.099815,8.075615,10.349999,D
7.885654,5.691764,7.991536,E
5.055218,6.438890,9.884323,E
6.952828,5.027296,6.685079,A
6.413573,5.723720,7.253241,A
6.225255,6.722401,8.604144,E
9.934790,7.602082,10.238983,B
7.816478,7.275128,8.308017,B
4.369234,6.027224,9.616976,C
7.531382,7.702813,8.757860,D
10.079807,9.123329,6.677899,B
8.134126,8.984315,9.680459,D
8.925773,8.851828,8.792512,B
5.227120,6.316514,7.538751,C
5.743761,6.859619,7.921941,E
4.287233,7.106801,8.064792,C
8.763688,9.931911,10.068229,B
4.173700,6.265691,6.420194,C
6.045715,8.236443,9.166671,D
8.584921,7.624842,8.347532,B
7.309987,9.293359,8.639673,D
8.187324,9.202247,7.988146,B
6.194184,8.783736,9.004619,D
7.097082,7.720727,6.762587,A
4.541126,7.957373,6.472699,C
7.135714,9.171677,7.400703,D
6.202624,6.840638,7.842414,E
3.273426,5.632156,7.565363,C
9.661134,8.078657,7.050663,B
5.784342,6.209611,6.775097,A
7.332298,5.444434,4.973689,A
7.428950,6.868926,8.347551,E
8.711849,5.958561,8.197143,B
6.270936,6.317353,6.337344,A
6.536779,9.448654,6.979375,D
8.989313,8.081846,7.551465,B
4.152697,6.081597,7.250088,C
7.159522,8.403640,7.555274,D
7.568390,6.470213,8.367763,E
5.535616,5.727366,6.615307,C
6.813857,6.278062,7.861782,E
4.906703,7.388485,7.461236,C
4.573820,6.458350,9.188029,C
6.877612,7.143816,7.895966,E
5.144584,6.549739,7.901898,C
6.769331,8.253010,10.859689,D
5.884464,8.526213,7.930749,D
3.723036,5.277844,9.126692,C
6.561402,6.338738,9.496633,E
6.248377,7.639874,7.134032,A
7.941061,8.708609,9.193121,D
5.101496,6.246667,7.273556,C
5.590129,7.326992,7.028599,A
7.706860,8.603251,9.981741,D
6.998885,8.034218,7.886176,D
8.437005,6.043138,7.044452,A
7.816922,8.802248,9.941997,D
5.626903,7.505614,7.534268,A
6.418621,5.574912,8.975080,E
7.905444,9.310226,9.695961,D
6.307294,6.967155,7.319648,A
5.023218,6.654437,7.979322,C
6.932945,7.561608,8.529220,E
5.518508,5.356149,6.063247,C
5.207118,7.601920,6.768071,A
9.199496,8.410622,8.519293,B
5.573175,8.263402,6.203049,A
8.503173,6.179203,8.009755,B
3.974131,7.616041,7.584074,C
6.746202,8.766376,8.098172,D
6.250149,9.202708,8.086163,D
7.485341,6.986091,5.390609,A
7.311417,8.670882,8.536406,D
5.066696,5.661671,7.477939,C
6.048865,8.947577,7.713413,D
10.001745,8.994875,10.864977,B
4.312091,7.934179,6.488930,C
7.743591,9.161381,7.558702,D
8.307116,7.375088,9.125563,B
4.994893,6.426538,6.998849,C
4.546790,5.733001,7.416919,C
4.527585,6.452868,7.986365,C
8.229624,9.971134,7.309270,B
6.444732,5.997202,6.270888,A
6.389209,9.435972,8.698031,D
9.724823,9.681260,7.760208,B
11.190420,6.546576,8.569888,B
9.062947,8.574160,9.390377,B
6.031850,5.495849,6.899047,A
7.227459,9.785218,9.382650,D
4.496944,7.731110,8.799758,C
5.022113,6.421137,6.792769,C
7.210039,8.044927,7.364190,A
7.761862,7.593426,7.024777,A
4.157447,5.837240,7.311616,C
7.258623,8.063461,9.264466,D
3.550644,6.509795,10.211108,C
7.073715,6.761306,7.680303,A
6.116367,9.244400,7.661422,D
5.320669,6.123102,7.488471,C
7.937331,7.438775,8.068230,B
5.900608,9.407982,8.979427,D
3.887064,6.710116,8.151552,C
7.162967,8.782794,8.758648,D
6.128532,6.317685,8.181499,E
8.278418,7.429749,9.432109,B
4.222990,6.234829,6.699454,C
9.066062,9.193004,6.911238,B
5.407065,8.349638,7.872318,A
6.396354,5.889545,7.610602,E
5.841987,8.112843,9.626303,E
7.747734,7.298709,7.459750,A
8.742961,8.043066,8.509829,B
4.571140,6.388434,8.243698,C
8.155431,7.839455,8.248730,B
6.787859,10.070011,10.701234,D
4.698240,8.107881,7.000312,C
6.848278,7.506889,6.381728,A
7.082183,7.353670,5.708390,A
7.118517,9.220099,8.812100,D
5.690772,8.286553,7.590599,A
6.075782,8.993844,8.504951,D
6.537091,7.123829,8.756773,E
7.096303,6.708228,6.955381,A
6.989168,9.339343,5.744084,A
4.011716,6.766925,8.110868,C
7.106976,8.261673,6.972227,A
4.478722,8.082392,6.981163,C
6.281541,7.197338,7.910105,E
6.724557,5.985069,8.303991,E
6.120250,8.253873,7.055030,A
6.414461,10.363404,6.981887,D
6.449845,6.946399,7.155588,A
4.413463,7.765255,8.520641,C
6.435131,9.817691,8.919149,D
7.973247,8.658493,8.608846,D
4.744742,7.276463,5.928940,C
8.325159,7.831090,6.652439,B
9.591935,8.444398,8.691774,B
3.024728,5.976159,6.982512,C
4.814079,3.877240,7.753085,C
8.476956,8.668420,7.502125,B
5.171546,6.379812,6.579461,C
5.957027,6.901480,7.287661,A
8.175604,7.822254,6.704166,B
6.632857,5.495240,6.594440,A
6.271241,9.047517,8.641291,D
6.160498,6.377582,7.305601,A
6.115809,7.228970,7.587889,A
8.017040,6.441095,9.216090,E
3.657006,7.748563,8.086505,C
8.451568,10.501776,8.379009,D
6.034141,6.000301,6.580255,A
6.023038,6.038326,10.134149,E
6.737533,8.273815,8.273442,D
8.321504,6.420676,8.593239,B
4.810533,5.959222,9.045137,C
5.429844,7.833305,7.424268,A
6.402335,6.094125,7.767474,E
7.306047,6.366083,7.751442,E
9.032721,8.033159,9.524476,B
7.469607,10.417553,9.341716,D
8.030586,9.345829,7.864335,D
6.261042,6.806489,8.991239,E
9.695434,6.945234,8.231897,B
7.678860,7.321495,8.962800,E
5.250927,5.857820,8.602605,E
7.941278,8.683665,7.844536,B
6.915189,7.605189,8.905117,E
6.268353,7.067397,7.830360,E
3.643190,6.631345,7.635847,C
7.468082,8.390940,8.787485,D
5.731927,7.138554,5.261079,A
9.649743,8.893559,11.064612,B
7.087248,8.247486,8.842821,D
7.532705,8.707575,8.413797,D
5.053165,5.711262,7.793434,C
7.884895,10.138255,10.662324,D
6.316510,7.357259,6.088402,A
6.392842,6.250384,6.198542,A
7.547126,8.472867,7.983963,D
6.690802,7.380545,7.709475,A
5.804788,6.955854,6.527981,A
8.711579,9.110539,9.142008,B
4.611794,7.196125,7.172072,C
5.804285,7.941267,9.501184,E
4.742224,5.876065,8.139176,C
7.093012,8.925010,8.974557,D
5.814959,6.656258,9.218208,E
4.344836,7.753053,9.528812,E
5.669094,9.317148,7.263918,A
7.732249,5.763340,8.517467,E
3.962606,6.839740,6.944178,C
7.259927,6.064379,7.983303,E
10.253546,8.195791,7.210798,B
6.367680,9.347234,7.768571,D
7.204713,7.455385,9.217252,E
8.611939,8.398812,8.785283,B
6.312950,7.128714,9.432660,E
9.238683,6.798745,8.419094,B
7.744054,6.971828,9.137835,E
7.119103,8.416190,7.706814,D
8.534383,8.781497,9.075138,B
3.869064,7.504451,8.514961,C
7.840668,9.651918,7.782631,D
4.672028,7.144310,7.664339,C
4.694718,6.441739,8.445680,C
2.516735,6.038575,6.142222,C
5.167207,6.967519,9.328412,E
8.478710,5.062174,7.561085,E
4.140668,5.947674,7.081846,C
8.773829,9.595616,6.195571,B
7.566052,7.002748,8.862515,E
5.913566,7.839738,7.744275,A
5.611638,7.658052,7.914411,A
5.088166,7.080578,5.983998,A
8.754730,9.240412,7.664556,B
5.448788,8.279556,7.120722,A
4.516381,5.391635,7.904229,C
6.218794,6.956458,8.329367,E
9.108117,8.764977,8.208162,B
3.989049,8.083544,6.789954,C
6.097971,8.166433,8.831143,D
5.339428,6.514506,7.680707,C
5.590329,6.986639,6.460096,A
6.399170,7.103558,6.957114,A
9.288884,8.596516,8.289490,B
7.980950,8.588448,7.088228,B
7.285196,6.488156,7.091603,A
7.976361,5.861267,7.288860,A
6.491974,6.653871,8.342955,E
9.870590,6.489638,9.028482,B
5.410481,5.621729,7.676711,C
9.608910,9.485166,8.360975,B
8.262311,6.876424,7.689922,B
6.005633,6.024533,8.418001,E
7.687685,7.030210,6.466857,A
8.470572,7.612757,9.252924,B
8.592241,7.827836,6.883366,B
8.707598,9.556145,8.311370,B
6.756840,5.821038,8.150171,E
6.178156,5.727988,7.981403,E
7.919667,8.244907,8.808249,D
10.280948,10.403160,8.184053,B
5.387204,6.514210,10.329605,E
8.391854,9.626945,10.257332,D
7.840378,7.693580,6.095957,A
8.574288,8.365666,10.728825,B
5.423959,7.015491,5.437615,A
6.327324,8.950966,8.388500,D
4.410927,9.169014,8.797987,D
7.840067,7.242793,9.134993,E
7.304098,8.261640,9.863301,D
4.628247,5.868780,6.829018,C
6.299743,7.106312,8.736299,E
4.162722,5.401952,8.297575,C
5.446883,8.779213,9.250967,D
9.795213,5.948274,9.236044,B
8.170444,6.282133,7.141593,A
4.664144,6.918740,8.671191,C
6.642955,8.979874,8.569276,D
7.433539,8.121133,7.943287,D
6.934303,7.451549,7.841204,A
5.977336,7.732281,7.407527,A
6.196263,7.600209,8.242911,E
3.291219,6.663184,7.421511,C
3.763973,6.048570,7.689027,C
5.123978,5.105964,8.199997,C
8.313166,6.902801,8.586014,B
7.767525,8.641864,10.035889,D
3.532604,5.702664,7.057030,C
7.272870,6.473617,7.499553,A
9.012135,7.859712,9.151104,B
7.022897,7.101209,7.458901,A
6.728196,6.317932,8.646546,E
7.666374,8.010661,8.482292,D
8.404751,8.924200,9.036747,B
5.533008,9.565697,9.961490,D
6.114275,7.533299,8.346949,E
6.445938,8.138563,8.185983,D
9.207715,9.906583,7.829724,B
7.599546,9.378531,7.828615,D
4.986379,6.127943,8.677140,C
5.414456,6.903915,7.212647,A
5.651064,6.802903,7.359925,A
4.154252,6.347715,8.640233,C
2.681477,4.035648,5.728499,C
8.819811,8.545803,8.622641,B
7.274723,7.530394,7.935405,E
2.339284,7.172498,8.566571,C
7.414416,7.762382,8.303222,D
7.196536,7.883658,9.228313,D
3.930640,6.713919,6.822404,C
6.164916,7.280960,7.451245,A
6.029462,7.887443,7.945096,A
4.251819,7.938419,8.276923,C
8.759861,7.517102,8.554589,B
4.577336,8.765402,6.601747,A
3.810970,6.010892,6.715040,C
8.246806,7.493703,8.126440,B
7.848837,6.737482,6.254358,A
6.727807,6.725247,8.006102,E
9.316683,7.258289,7.714774,B
1.945656,4.698956,6.819788,C
4.859861,5.443536,8.987713,C
7.214359,9.917029,7.776494,D
5.539873,6.527232,9.566594,E
6.106138,6.560497,7.863067,E
5.258673,7.913070,8.919615,E
8.412514,8.590944,6.414464,B
3.098866,7.093029,6.704303,C
7.301141,7.335859,7.941515,E
5.775571,6.780186,9.105355,E
5.970380,7.560668,8.266796,E
7.073482,8.628361,6.862012,A
9.327117,9.434491,9.078688,B
5.300776,9.083235,7.775790,D
5.903358,5.967933,7.954222,E
5.396624,6.384095,6.110236,A
5.699410,6.779000,8.898913,E
3.581825,6.585828,6.953301,C
7.244861,9.410035,6.318285,A
4.379827,5.908456,8.748992,C
8.396582,10.208677,7.475839,B
7.680875,8.360384,7.414435,D
6.412412,7.085214,10.983969,E
7.957098,7.717436,8.028718,B
9.021777,8.210287,7.688424,B
8.688252,6.669686,9.418195,B
7.913684,7.264961,8.642958,B
6.939635,7.480432,10.046494,E
5.883073,6.405624,8.339717,E
8.102638,8.233717,7.797442,B
7.972159,8.420494,8.881694,D
9.505020,9.351525,8.429725,B
6.393508,7.458980,6.263803,A
8.143463,11.067169,9.695009,D
6.982977,7.763760,7.807517,A
7.773528,8.819443,10.158129,D
4.909861,5.704613,8.705980,C
6.164117,8.972341,6.417886,A
5.561760,7.671971,7.243605,A
8.090264,6.082948,7.059614,A
4.865293,9.307212,10.010447,D
7.521304,7.364582,8.487989,E
7.644628,7.705189,8.602504,D
3.388097,6.860877,6.589180,C
6.503665,7.713418,8.077152,E
4.189031,6.434563,6.687732,C
7.901007,7.966479,6.498485,A
8.555151,8.315667,9.914729,B
8.358576,7.528791,7.511670,B
5.592283,7.574536,7.914827,A
5.424129,6.444240,7.128573,C
5.635994,8.039705,8.612392,E
7.503926,7.368405,7.368498,A
5.027355,6.545850,7.154262,C
9.089835,6.856999,9.550062,B
8.931199,7.686524,6.837816,B
5.558978,7.996093,9.246911,E
7.032240,7.431386,8.520622,E
4.833605,7.673034,8.980103,E
4.656222,6.945121,9.365959,E
6.855473,7.453949,8.919961,E
8.504583,7.380514,10.039607,B
4.614257,6.815835,7.250537,C
4.326144,6.144722,7.451703,C
6.843484,7.192210,7.364191,A
4.135707,5.210856,7.670710,C
7.239981,6.636247,7.464867,A
6.024581,7.495261,8.001766,E
7.893989,10.129603,7.736062,D
4.473847,7.191046,7.044858,C
5.740920,6.812305,7.649677,A
6.352853,7.240752,6.599706,A
7.403643,8.122357,8.458763,D
6.771267,5.058278,8.015426,E
6.158941,8.573063,8.782777,D
5.449629,6.783474,7.097086,A
7.564050,8.097116,6.782430,A
6.373585,7.288131,7.021063,A
7.095202,9.058529,8.237867,D
3.671358,6.055753,7.101926,C
5.909225,7.975009,9.314458,E
6.510374,7.386135,9.989853,E
7.684711,6.528658,8.884430,E
5.813267,6.382579,7.593956,A
4.835878,6.723563,5.708985,C
6.128148,6.367206,6.482251,A
5.254082,5.674051,6.408311,C
6.889263,7.119779,7.155349,A
8.220144,7.765748,8.744160,B
7.443270,7.628647,7.683218,A
6.225055,7.928773,7.692427,A
8.837462,7.952976,8.774566,B
10.491086,8.424034,8.105089,B
8.208479,8.618977,7.749205,B
3.605590,6.255520,8.085303,C
6.735550,9.275504,7.308868,D
7.886840,7.840098,9.229177,D
4.825326,8.997069,7.721471,A
9.708767,9.143339,6.144871,B
5.852036,6.505552,9.012013,E
4.408980,5.668980,7.352889,C
7.378743,6.370370,8.312236,E
7.657778,7.345268,8.785697,E
11.091192,10.576557,8.156668,B
7.145327,6.218165,8.271635,E
8.076121,8.685161,8.527225,B
5.916456,5.060508,5.795483,A
8.347540,8.046620,6.874741,B
4.941267,8.964607,7.875133,D
7.084976,7.532200,9.056631,E
5.232505,6.580945,7.201894,C
6.875275,8.404843,6.948352,A
7.922152,7.793667,10.013050,D
3.956948,7.127417,7.987681,C
5.121389,7.452872,8.153733,C
4.947657,6.270624,7.721856,C
4.826400,7.170299,6.311756,C
4.961484,6.259710,7.674631,C
4.471706,8.158655,7.326062,C
7.095615,7.064785,6.673809,A
5.719130,8.297734,8.073224,D
4.348409,5.257432,5.937468,C
5.475764,7.408224,7.587612,A
8.431709,6.517221,8.362043,B
5.869383,8.844918,7.611966,D
4.737718,6.592934,7.458804,C
7.563743,5.242832,7.595032,E
8.510961,9.030232,7.651676,B
4.262932,5.947995,7.404208,C
8.809903,10.190091,8.597754,B
9.563549,7.992940,9.091007,B
7.258036,6.793130,7.359299,A
8.114469,9.336174,9.205837,D
3.716858,6.681498,8.806900,C
6.055463,6.900700,8.167503,E
4.263846,5.848784,7.422133,C
7.259005,9.284195,7.633128,D
5.761487,6.526518,7.362799,A
8.004490,7.807826,8.443710,B
6.495588,6.243235,9.626163,E
10.415853,9.376910,7.939939,B
4.984942,7.105637,7.035470,C
7.263352,7.621180,8.428094,E
3.019087,6.640265,6.038245,C
5.409658,8.453351,8.219773,D
8.324721,8.514513,8.907094,B
7.268428,9.395847,8.275977,D
7.462243,7.373508,9.384720,E
5.943883,7.520916,7.237640,A
5.887203,6.169318,7.110806,A
5.208301,6.675531,8.952760,E
6.048331,8.190876,7.777183,A
8.116565,8.158858,8.991240,B
7.283751,7.981982,7.752800,D
5.639243,6.289052,6.636532,A
4.150397,7.320128,7.369532,C
7.186240,6.607447,9.649472,E
8.572945,6.829229,8.277147,B
6.718686,7.939569,8.366321,D
8.622920,8.879760,8.798218,B
3.938800,7.835743,9.447880,C
9.448900,9.642725,8.577359,B
9.374834,7.875142,9.487822,B
4.800882,7.017688,7.878279,C
7.047197,5.926147,9.016769,E
2.981198,5.556570,6.234321,C
6.658623,7.861776,8.518042,E
6.622999,9.771038,8.796975,D
9.325468,7.459162,7.873568,B
8.534808,7.938351,8.096158,B
4.742716,6.261289,8.118129,C
6.853005,7.055245,7.049121,A
4.387408,5.556454,7.279404,C
9.096246,9.442027,9.051922,B
7.970904,7.686785,9.281478,B
10.554250,9.065201,8.947500,B
3.991397,6.167827,5.954797,C
6.862853,8.012434,8.659060,D
6.534707,7.934067,7.021113,A
4.471709,6.937815,7.532971,C
6.489413,8.363311,9.401875,D
6.361960,5.839736,7.156951,A
9.399894,8.718166,8.661663,B
9.153708,9.239052,9.000463,B
8.685207,9.434204,9.074724,B
5.424377,5.765141,7.193947,C
8.065867,7.177804,8.741686,B
7.743214,5.666249,8.024203,E
5.779318,5.342288,8.296182,E
7.151230,6.758385,7.137660,A
9.440178,8.312269,7.069768,B
8.275496,8.111262,9.371367,B
4.989846,7.609435,5.508428,A
8.881352,8.327353,8.091099,B
6.550672,7.179150,7.544829,A
5.967354,6.266938,8.443145,E
6.183145,6.462402,6.123736,A
5.194671,7.373642,6.642320,A
5.604623,6.803144,5.622224,A
11.277294,9.594653,8.211917,B
9.100390,7.418062,9.770495,B
7.971229,7.983040,8.856537,B
6.138825,7.401159,10.220281,E
5.070996,7.205513,7.802174,C
5.760307,6.937429,7.546078,A
6.846240,7.047717,9.334408,E
5.891535,8.070081,9.862938,E
4.701646,7.025707,9.230387,E
5.608030,9.715896,6.185945,A
3.901537,7.030666,8.204085,C
4.794347,6.105157,7.040108,C
3.889343,8.450056,7.053690,C
6.620789,9.559727,8.464424,D
5.647035,5.997601,7.537203,C
4.460224,5.850706,6.572183,C
5.317247,4.659379,6.043057,C
7.764252,6.942686,8.657816,E
6.604808,6.299852,8.945453,E
6.127514,8.111423,8.440985,D
7.299283,8.290616,5.924099,A
6.146739,6.061094,6.155338,A
5.983493,6.910815,8.555633,E
8.604843,7.517070,8.647974,B
6.303491,9.136575,7.490837,D
10.314546,8.990839,8.050985,B
6.840775,7.494597,9.138433,E
4.608430,6.704672,7.450400,C
8.654925,7.888965,8.126425,B
6.474251,7.285992,7.221457,A
9.737556,8.451131,9.581485,B
5.896799,7.216041,10.530789,E
4.671697,5.584623,7.778118,C
6.428167,7.627544,7.727021,A
7.441116,8.428149,8.987597,D
7.712061,7.740020,9.842633,D
5.987518,7.338634,7.384075,A
9.481264,8.427649,8.053554,B
6.818587,6.477544,9.454697,E
7.339344,6.868825,7.602204,A
6.023712,4.701855,7.341696,C
6.257537,8.126794,6.201368,A
5.896607,7.066073,7.131504,A
7.271165,7.623110,8.047607,E
7.520360,9.749352,8.825123,D
9.550272,8.787709,9.285216,B
5.121213,5.869387,7.887380,C
9.236493,7.184474,9.643596,B
5.825815,6.491752,8.285368,E
8.148114,7.582783,6.921751,B
4.400757,7.000672,6.098709,C
5.049937,6.630155,7.095762,C
3.110162,6.721235,7.224416,C
7.457740,9.535783,9.264861,D
5.402724,5.229405,8.786712,E
6.660225,8.077448,7.007121,A
8.112309,7.612983,9.144176,B
5.767617,6.744525,7.061671,A
7.276304,7.895724,8.033944,D
7.374500,6.428773,5.446299,A
3.267341,5.666919,9.020847,C
8.075213,8.590087,9.937727,D
4.458573,5.912407,7.183415,C
6.398003,7.029012,10.348938,E
7.913639,8.223733,9.676160,D
6.054091,6.225826,7.150860,A
5.719447,8.248169,8.796069,D
6.153393,8.538207,7.002213,A
9.199316,7.050894,7.670439,B
7.294451,9.563579,8.303762,D
7.490671,8.602234,8.688913,D
3.991201,7.078064,7.413505,C
6.596570,7.850621,8.265976,E
9.695666,7.174528,8.065162,B
6.974195,7.007725,7.879685,E
6.394024,9.393352,9.277870,D
5.510041,6.780939,7.971106,E
8.920300,8.273395,9.061607,B
4.286922,5.648892,6.716601,C
7.294805,9.242357,9.171102,D
8.461505,8.131561,9.390392,B
8.192833,5.754665,9.590261,E
5.767350,6.185422,8.615663,E
5.451299,7.603164,9.536358,E
8.971290,6.773842,8.262701,B
9.216284,7.893674,8.155700,B
9.285015,7.630141,9.736844,B
9.587541,9.372396,6.272957,B
5.816386,7.422491,8.403250,E
5.486096,7.979934,8.882840,E
8.908162,6.979205,9.021304,B
4.273892,6.449465,7.483598,C
7.874622,7.049742,8.508541,E
4.466311,6.970290,9.600933,E
6.890165,7.391911,8.892168,E
4.032578,5.989989,6.966900,C
7.420140,8.595577,7.662958,D
8.780045,7.026946,6.866144,B
6.367705,7.030025,7.308633,A
8.811888,7.361402,9.113032,B
4.298970,8.096193,6.429858,C
6.854316,8.699861,8.257716,D
4.032986,6.132367,7.395588,C
8.361344,9.119769,9.560931,D
3.869947,4.873944,8.758867,C
5.932764,6.781605,8.496492,E
5.759281,8.030048,8.035076,A
9.930985,8.845967,8.836749,B
5.452894,7.805105,7.621602,A
5.326558,6.103365,7.432628,C
6.245603,7.571048,7.423482,A
6.505002,6.965534,8.108808,E
8.594602,8.039827,7.600355,B
9.752125,7.971347,8.721899,B
5.680710,5.321406,7.719901,C
6.579518,8.127291,8.091614,D
6.954670,8.958271,9.222462,D
7.070568,6.905593,6.628782,A
6.285188,6.639553,8.166937,E
8.078971,7.571851,8.707837,B
10.988578,8.373540,9.258840,B
8.602727,8.707367,9.307739,B
6.983245,8.964608,8.896345,D
8.031895,7.463140,7.463579,B
7.656613,10.361218,7.434847,D
7.348295,6.248768,8.955160,E
6.715861,5.584116,7.120786,A
5.342219,6.064284,7.325696,C
7.059337,6.019640,8.467445,E
9.306425,9.216144,9.164748,B
7.369936,8.147035,6.805238,A
9.113486,8.107453,8.000685,B
6.131966,8.447778,9.275348,D
6.736832,6.605288,8.887815,E
4.583164,7.362877,6.796908,C
6.567967,7.312942,9.305978,E
6.315750,7.929621,5.274460,A
4.232962,6.967149,7.444715,C
5.292257,7.797440,9.297568,E
8.366478,8.047822,8.877504,B
2.286546,6.927931,7.340546,C
9.947249,6.797301,9.071652,B
5.351008,6.662346,7.476853,C
5.553163,5.954831,6.790770,C
2.901973,8.681066,7.146229,C
5.862097,7.797100,7.336767,A
6.121126,7.779818,7.197436,A
8.325627,7.869686,8.363091,B
6.407894,8.362203,8.480280,D
9.436871,9.168040,9.619826,B
5.212749,5.354786,7.894507,C
8.346285,6.481939,8.648085,B
4.702190,7.270552,7.282781,C
6.972633,9.331071,8.117797,D
5.164136,5.573889,8.904084,E
6.022982,6.562459,7.641913,A
7.572787,7.128739,9.119728,E
5.587212,6.670010,7.230712,A
3.781598,6.260512,7.403612,C
7.020058,6.537198,5.992036,A
6.231672,6.736935,7.657734,A
4.587069,8.911893,9.323532,D
6.449065,5.463992,8.454789,E
6.496678,7.456783,8.069575,E
5.629417,7.110410,7.908430,E
6.704470,8.065773,7.439944,A
6.893996,7.474908,7.759281,A
6.939663,7.592296,7.223599,A
5.074524,8.182398,7.696740,A
8.656203,7.452319,7.834602,B
6.913243,5.344819,7.558631,E
8.158012,8.837819,10.144983,D
7.150676,8.305572,6.332806,A
7.248888,8.107280,7.532701,A
7.429134,7.699835,8.463991,D
4.693858,7.114220,5.680335,C
4.427638,5.967131,7.008950,C
3.105364,6.168933,8.337304,C
7.718576,7.938559,8.809139,D
5.145252,6.443431,7.484388,C
9.190843,8.648861,9.321384,B
4.188936,7.192174,7.969619,C
8.543914,8.688629,9.212462,B
4.484040,6.600204,7.268868,C
8.250980,6.660541,9.605372,E
7.434561,8.422939,7.727364,D
8.538537,7.803408,9.199860,B
5.742862,7.639446,9.894832,E
5.508944,7.931842,7.840255,A
6.231320,7.707038,9.914975,E
6.361943,8.118961,7.499481,A
7.056322,7.332677,8.821159,E
7.764167,5.705113,8.860245,E
5.755491,5.594971,5.228357,A
7.662400,8.156697,7.729353,D
4.483500,6.875586,7.935846,C
6.796501,7.224795,7.592732,A
6.328472,6.688622,6.445391,A
2.959275,9.277225,7.214319,C
4.648614,6.750610,7.816859,C
3.772809,7.291090,7.727804,C
6.795582,7.366032,6.899455,A
6.070404,8.350008,9.105105,D
4.135153,5.959833,8.212448,C
6.407517,6.935491,9.528971,E
8.610256,10.376293,8.092253,B
7.867329,8.381931,8.147751,D
6.707634,5.436106,6.906780,A
5.791327,6.601143,7.634064,A
9.554614,7.498323,8.725469,B
5.360877,7.455421,6.807043,A
7.313087,6.912592,7.615191,A
6.924568,6.302357,8.379789,E
6.466889,5.612899,7.042187,A
5.559188,7.183949,7.873406,E
5.657396,7.056529,5.975463,A
2.110537,4.285308,8.188224,C
5.613221,8.624527,9.096132,D
7.815477,8.623603,10.632837,D
5.491913,8.483561,8.033121,D
8.861189,8.946984,7.742814,B
5.139385,5.956555,7.623628,C
5.836669,8.189117,10.213872,E
6.554256,6.547231,9.082708,E
6.532891,6.669201,7.046056,A
7.730529,9.352485,7.645085,D
6.751128,8.750193,7.081995,A
7.803124,8.922006,7.665640,D
9.829967,9.029611,8.740462,B
5.999880,6.639882,7.560964,A
4.337695,6.578497,7.125034,C
6.547217,7.875338,8.387629,E
6.927737,6.581496,6.476780,A
4.637103,8.003251,8.303952,C
4.213130,8.780344,6.891355,C
6.871406,6.259294,8.026311,E
5.759492,7.370506,8.817512,E
4.387538,7.714147,8.317166,C
6.950881,8.774081,6.498640,A
6.776907,8.464045,7.787757,D
6.833837,5.594193,7.159272,A
6.743605,7.807382,6.889808,A
4.272606,8.096241,7.468219,C
6.525190,7.431750,8.962886,E
5.591113,6.630899,6.028877,A
7.445225,9.142768,8.119448,D
6.616814,7.208297,7.491284,A
4.057364,7.293882,7.249094,C
7.946318,8.003922,6.212355,A
3.359604,6.999397,6.175488,C
5.985940,8.505160,7.983344,D
6.045487,5.409884,6.814838,A
5.585641,7.322830,6.070694,A
8.966776,9.902758,7.887982,B
3.768459,7.042148,6.372697,C
8.892735,8.972345,10.751726,B
6.975459,7.051822,7.073458,A
8.200880,6.882184,5.901624,A
5.674209,6.413778,9.046864,E
6.191010,6.185379,9.053409,E
5.869338,6.311462,9.392246,E
7.149676,7.771565,9.493031,D
3.608157,8.945789,7.363157,C
5.900770,7.067451,6.251169,A
7.074121,8.752284,9.262657,D
3.603438,6.949232,7.559446,C
8.448576,8.238550,9.228150,B
5.730499,8.544150,7.790783,A
6.014799,6.631026,8.962575,E
8.016791,7.907068,8.664498,B
7.544882,6.984102,9.496612,E
4.469319,6.006086,8.580710,C
6.351196,8.098476,8.128484,D
3.782251,6.035683,7.899745,C
6.072313,5.830882,8.212141,E
7.833317,6.844274,10.043412,E
7.829885,7.194855,9.110714,E
2.957098,6.522853,7.352591,C
7.694498,6.020777,8.492266,E
5.707568,6.913985,6.433563,A
4.457425,7.777696,8.810792,C
5.445173,7.738425,5.811879,A
5.546582,8.533435,9.171244,D
6.248438,7.043664,6.927908,A
6.592316,8.273370,8.421830,D
6.423697,9.040536,6.200414,A
3.787146,4.608913,7.666998,C
9.036973,10.329006,8.141230,B
6.439409,6.775248,7.629955,A
4.784682,7.577942,5.722599,A
10.340453,8.346666,9.752847,B
4.318589,6.697715,5.589706,C
6.140691,7.923215,8.611818,E
7.341698,7.173977,8.793542,E
6.103708,6.414739,6.376075,A
6.399988,7.519811,7.207320,A
4.902137,6.563852,8.110293,C
6.906375,9.129329,6.215061,A
5.452013,7.390206,8.322342,E
6.486615,7.401823,7.297545,A
4.058584,7.203542,8.926582,C
3.659831,6.494750,7.439966,C
7.173218,6.892905,7.788455,E
8.287840,8.414112,8.433343,B
5.384022,5.690419,9.596402,E
7.748376,9.434323,7.565132,D
4.021828,6.912655,6.352816,C
5.554758,6.730434,7.564332,A
10.569208,7.436449,7.463275,B
5.768295,8.082379,8.126105,E
7.104669,7.375878,8.121717,E
6.459244,6.467046,9.789201,E
3.383745,7.732598,5.818615,C
4.975609,5.980075,7.008986,C
7.095140,8.767287,8.621600,D
5.620729,7.784649,8.613943,E
6.047665,8.280928,7.232272,A
8.852687,6.527812,6.433194,B
6.422557,7.339979,9.038432,E
4.687729,6.511638,9.428307,E
6.485751,8.454097,7.000023,A
7.638392,6.866012,7.885114,E
6.913099,8.125631,7.186622,A
6.196952,7.346470,7.839869,A
7.727118,9.619446,8.245395,D
6.434956,8.345912,9.949745,D
5.497452,9.230251,7.103912,A
6.314801,8.935097,8.136068,D
7.145271,6.707757,8.823942,E
6.717365,8.412962,6.762994,A
7.401247,8.015199,8.631244,D
8.323095,7.085825,6.850532,A
8.218210,8.630015,7.771667,B
6.480680,6.896787,8.145010,E
7.623741,8.132238,6.420630,A
7.605850,6.999941,8.344731,E
7.501385,7.123042,8.183697,E
4.665797,4.902864,7.488129,C
5.808796,9.242211,7.258591,A
4.545390,6.169146,6.085939,C
8.726518,6.722973,7.992110,B
7.392012,7.726538,9.286152,D
6.640515,9.036470,8.160214,D
6.880384,6.242361,8.206914,E
4.002977,5.904994,8.060764,C
4.403756,6.843312,8.749699,C
5.793234,5.831689,7.026893,A
5.069217,7.008111,7.937128,C
6.313524,6.677176,6.598173,A
4.249075,6.497391,8.413709,C
7.564097,6.412234,7.589870,A
5.423597,7.211407,8.853140,E
4.392006,7.032209,7.701813,C
7.749795,7.237140,8.759315,E
4.401944,7.307103,7.427376,C
4.835799,8.025829,7.879798,C
4.735316,5.733942,6.266140,C
6.256666,7.870392,7.626685,A
11.130047,7.984510,7.152444,B
5.196724,7.395607,7.653601,C
4.341643,7.087814,8.357550,C
4.905175,7.576408,7.790173,C
4.868198,6.795864,5.304497,A
7.238105,7.257655,8.558719,E
8.087710,7.091080,9.910867,E
7.195983,7.089869,11.033476,E
7.444220,8.696991,10.127814,D
9.440365,8.342483,9.167114,B
7.332524,9.619110,7.987701,D
3.628706,4.964108,5.134532,C
8.593936,9.301924,6.879566,B
4.202404,5.825457,9.103996,C
9.155496,9.277576,9.502038,B
5.503160,4.970479,9.146699,E
7.697867,10.241931,8.766595,D
2.350804,6.889460,8.533109,C
7.180708,6.802290,9.151592,E
5.651598,6.982826,8.211594,E
6.955775,7.752502,6.026538,A
7.795275,8.860904,8.653430,D
7.366154,6.994538,10.648718,E
6.226782,7.046354,8.285021,E
5.376090,7.590686,8.634330,E
5.919146,8.701955,8.698362,D
8.124035,8.775221,10.401415,D
5.519225,5.766515,8.090194,C
7.360261,9.833816,9.459186,D
7.614489,7.800274,8.310029,D
4.814688,7.740226,10.672296,E
5.561563,7.343579,9.314489,E
6.994354,8.321194,7.285023,A
7.003460,5.662469,9.186415,E
3.382401,5.950653,6.922464,C
8.168209,7.930160,8.109418,B
5.499426,8.258135,7.675976,A
6.378370,7.438930,7.462879,A
9.298574,7.179102,9.521762,B
6.690350,7.244167,8.260046,E
5.893777,6.642681,7.016494,A
6.392478,10.028714,6.832335,D
8.099577,6.510104,5.386870,A
9.122407,8.371784,8.575566,B
5.084765,7.511417,10.101944,E
4.764355,7.797949,10.958002,E
5.283322,5.824311,8.787981,E
4.119634,5.527282,6.814572,C
2.586087,7.225627,7.210201,C
6.781054,7.100508,8.824633,E
10.358442,7.843031,7.561160,B
6.733055,6.759198,8.362554,E
6.878905,7.285075,9.531238,E
8.006242,7.838371,7.660631,B
5.285008,7.405819,7.854445,C
7.429583,7.226786,7.865607,E
7.185237,10.163056,8.142363,D
7.756051,7.647791,8.613027,D
8.125352,6.739548,8.296388,B
3.649108,6.738557,7.766865,C
5.936299,6.990486,8.786686,E
4.566007,4.017021,6.879756,C
6.314265,8.712694,8.863980,D
6.991950,7.944963,8.367111,D
8.267520,9.887618,8.057659,D
3.865090,5.595492,5.599609,C
7.646955,7.452118,7.276397,A
5.148587,8.341233,8.036118,A
7.674504,8.205374,8.665986,D
10.036947,7.361859,6.926566,B
8.434984,8.573656,9.120971,B
3.927793,6.407653,8.463193,C
5.325996,7.618902,6.552923,A
9.795221,10.190931,10.343652,B
6.821449,6.375117,8.232154,E
7.469462,10.409499,8.377168,D
7.222453,5.639487,7.929790,E
7.174562,6.373771,8.101795,E
8.090688,8.766125,8.255715,B
8.197174,8.037762,8.325890,B
6.210674,8.513435,9.187676,D
6.247813,7.320291,7.158461,A
8.040158,8.414449,8.231731,B
5.882722,8.817535,7.099229,A
6.425350,7.130359,5.847433,A
6.909301,8.175942,7.686883,D
3.738620,6.425860,7.773582,C
7.088466,7.452469,8.454648,E
6.742612,7.880422,7.289215,A
3.280670,7.729264,6.342275,C
7.873526,8.528210,10.356004,D
7.359120,7.174589,9.505820,E
6.474879,8.354571,8.364206,D
5.806936,6.374860,8.177597,E
6.126198,6.595194,7.371299,A
5.499795,5.518365,7.655465,C
6.670404,8.232665,8.008940,D
6.221355,7.656531,6.316898,A
7.245423,6.832424,5.860082,A
8.027255,7.481985,6.844513,A
9.466496,10.333734,9.018231,B
8.702177,8.218193,8.715280,B
3.739254,8.056893,9.308533,C
4.271046,7.660189,7.186492,C
9.431101,7.720408,8.444596,B
9.349772,9.747953,10.778890,B
3.003900,7.142034,7.449408,C
5.148087,9.064527,8.690297,D
5.029679,8.285782,5.899570,A
4.898005,5.896548,6.984923,C
6.101279,8.061706,8.507209,E
5.596419,7.146002,7.756164,A
7.901327,7.913568,8.392569,B
5.890050,7.683881,9.629068,E
7.079357,12.564495,8.593463,D
4.624045,6.611074,7.499470,C
7.672657,7.953250,6.914397,A
4.332566,7.678028,8.886212,C
10.108964,10.019017,8.767034,B
2.793869,7.485653,9.703037,C
8.895098,8.002540,8.091962,B
6.868469,6.642904,7.634968,A
2.717931,7.257457,7.422246,C
6.571606,7.566047,6.706103,A
8.369422,6.486013,6.800433,A
8.039778,7.041506,7.822224,B
4.847359,6.214892,7.178844,C
3.941589,6.490289,8.715611,C
7.724427,7.448344,9.225743,E
8.864234,7.454426,7.729116,B
7.535269,6.971624,5.272937,A
9.587661,9.638772,8.285933,B
6.654008,8.105045,5.771662,A
4.929645,6.465911,8.038419,C
5.212310,6.548160,8.370971,E
8.411551,8.757494,9.140874,B
7.779955,7.154853,8.751048,E
8.157371,7.437550,8.436106,B
5.902624,7.787477,10.606193,E
6.066103,6.114096,8.425009,E
6.172309,8.143943,6.509214,A
5.100298,7.584455,6.955639,A
4.210906,7.763025,7.879827,C
7.195124,8.372922,7.603480,D
4.896060,8.227128,7.341259,A
7.031219,8.912881,9.381405,D
5.498207,7.064125,7.468703,A
7.332356,7.167712,6.059320,A
6.974666,8.281006,8.444057,D
7.145121,7.652796,8.239914,E
6.886771,6.653702,6.722147,A
6.412762,7.773333,6.569919,A
5.156775,7.839742,8.311478,E
4.784740,5.976460,7.046121,C
6.271605,5.782908,6.422026,A
9.407604,7.603031,9.523519,B
6.234657,8.210617,9.233873,D
6.232142,8.031303,6.900124,A
9.555492,9.815449,8.486764,B
7.129509,5.449601,6.947043,A
5.292077,7.484168,7.456664,A
7.686364,7.402630,7.113751,A
8.429184,7.383800,8.517439,B
6.099935,7.991079,8.140841,E
5.305936,7.741631,7.879521,A
8.180593,8.108303,9.057615,B
6.329067,5.674849,7.550920,E
7.011954,7.110364,8.787491,E
7.393512,7.942951,5.233249,A
5.417197,5.938906,7.319750,C
5.948385,8.596524,6.792384,A
5.999613,7.501482,8.122768,E
9.267733,8.444086,7.854193,B
4.013233,7.668660,6.099382,C
6.886602,7.574451,7.174891,A
6.312417,6.886563,7.789104,E
5.620726,5.931011,9.903394,E
4.258039,5.606336,6.113285,C
4.130262,6.225412,8.618210,C
6.309478,5.118834,7.451458,E
9.582051,9.566145,7.721632,B
3.740667,6.484415,5.963822,C
6.437161,6.949470,7.201503,A
5.098579,6.568721,5.753442,A
8.300532,9.399118,7.251335,B
3.618143,7.653857,7.842588,C
5.524379,7.756128,6.998218,A
4.107464,6.105615,8.116546,C
5.185098,5.610673,7.534604,C
5.125765,8.741742,6.504400,A
3.610543,7.030383,7.232902,C
6.918903,8.103727,8.971242,D
5.285533,6.973761,8.061662,C
7.333002,5.821742,9.019048,E
7.452193,6.809287,8.105701,E
8.758587,7.296038,8.299933,B
3.216912,5.416771,8.530849,C
10.013382,7.567129,8.515806,B
5.631360,7.931457,9.224712,E
9.417319,7.184227,8.158372,B
6.338806,8.703563,7.818371,D
6.212785,8.219470,9.065551,D
6.331191,7.988242,7.554366,A
10.152962,9.649656,7.628919,B
4.868452,6.376687,9.483821,E
6.726211,7.126591,9.083724,E
5.384392,7.327652,7.741753,A
5.633178,6.188583,10.395834,E
8.312840,8.176043,8.673441,B
3.709974,7.229896,6.671346,C
6.324784,6.815858,7.461904,A
7.239772,8.590089,8.783236,D
7.244689,8.056124,7.774980,D
4.749412,5.797401,8.148970,C
5.467412,6.799912,7.496396,A
5.435329,8.041092,7.696259,A
9.145220,6.898695,8.344662,B
3.732720,5.124324,7.051971,C
8.566254,9.226652,7.231994,B
10.352130,8.052885,9.185190,B
7.091985,9.301202,8.107096,D
7.264069,6.715732,8.698030,E
9.188815,8.914487,6.273484,B
9.603260,9.033234,8.224898,B
7.476352,8.621818,8.616011,D
7.268823,7.750635,6.640650,A
8.438060,7.304375,8.837429,B
6.076818,7.177380,7.814124,A
7.665628,7.804580,6.777088,A
6.192095,7.627334,8.836010,E
5.947618,8.038128,8.276514,E
8.692264,7.603089,6.996921,B
9.133354,9.516660,9.131008,B
7.668709,6.264433,7.979662,E
5.524210,6.730305,6.463569,A
7.042197,6.692638,8.551513,E
8.834944,8.292978,8.318562,B
6.255261,7.984191,9.497252,E
5.370139,6.142674,7.623994,C
6.861368,10.458361,9.179833,D
3.002102,7.170923,7.422547,C
7.387775,8.027633,8.733638,D
3.645296,8.124641,6.925972,C
6.118065,7.077747,9.190685,E
5.331607,6.871444,6.973818,A
6.947594,7.005190,7.039794,A
4.320966,7.380909,8.453037,C
3.521695,5.979996,7.098964,C
6.915111,6.298476,6.932718,A
6.080640,6.991021,8.818297,E
8.810013,8.151525,6.402733,B
7.821941,9.481314,8.625364,D
5.072143,5.967315,8.502730,C
9.930981,7.041289,6.448027,B
6.855425,7.896114,7.358549,A
7.338194,9.535245,7.842389,D
6.562841,7.600870,8.045767,E
7.839854,8.344590,8.853065,D
6.898659,6.876080,7.889079,E
5.586907,9.322049,6.616114,A
6.482972,7.414529,7.880252,A
4.613324,5.141468,7.196876,C
4.591418,6.169514,7.791792,C
8.234365,6.685035,7.834709,B
7.040621,8.126668,7.308993,A
8.371991,7.598030,8.782689,B
3.800732,5.535540,7.367408,C
6.190446,8.154425,7.660173,A
6.053784,5.458949,7.084495,A
6.444503,5.792540,9.147503,E
6.844419,7.624376,8.832165,E
4.086019,7.173410,7.813416,C
5.202253,6.694006,7.484511,C
4.713791,5.749154,6.714738,C
2.648303,7.658824,6.213770,C
6.988622,9.049739,7.945760,D
6.589030,6.372649,5.166710,A
8.758570,9.834876,8.372037,B
6.684904,8.185959,7.865602,D
9.629091,8.162614,8.688316,B
5.005364,5.394864,7.409318,C
7.115807,8.377723,8.810593,D
7.153429,7.483993,8.632304,E
7.155818,8.745341,8.896734,D
5.761690,5.986395,9.247570,E
3.292567,6.995237,5.789794,C
4.057973,5.921347,9.522848,C
7.831496,6.767595,6.593136,A
5.095650,6.775690,6.939469,C
5.786050,7.328813,8.899512,E
2.351756,5.881123,8.816998,C
4.335606,7.161592,8.437407,C
5.809628,7.419362,9.495607,E
7.439225,8.049817,8.553703,D
5.689405,7.287944,8.893062,E
5.821693,7.222671,8.600516,E
7.466021,8.121794,9.054620,D
4.983236,7.016449,7.434264,C
5.799761,8.177452,8.958803,E
3.392067,7.446456,6.956855,C
8.201316,8.491233,7.683006,B
8.916292,8.613789,7.667946,B
6.727485,6.936285,8.522114,E
6.123972,8.837228,9.669835,D
6.603770,8.153596,9.502353,D
5.060210,7.444789,6.587547,A
7.277441,8.059078,7.509947,A
6.416314,6.372135,7.608174,A
3.793345,7.570346,6.457513,C
5.414066,6.026851,7.234768,C
7.877287,7.816972,9.668709,D
4.916531,7.727557,8.477699,E
5.565457,6.394350,8.915917,E
8.325130,9.626914,5.624258,B
5.124098,7.905332,8.751578,E
8.760428,8.562423,8.276338,B
4.221992,7.352889,8.489361,C
5.561333,7.753517,7.721807,A
6.079517,8.074068,8.636629,E
5.069850,7.713126,7.742973,C
7.835486,8.133532,9.654057,D
6.011329,8.988536,8.851061,D
5.589521,8.110456,8.486163,E
8.351371,9.575412,10.805222,D
3.630547,5.950556,7.287849,C
5.966478,7.987800,7.195417,A
8.732628,10.487053,9.383003,D
5.119607,6.783732,6.413460,C
4.252756,6.786404,8.492279,C
4.669277,9.209135,7.893679,D
1.603200,5.794048,7.983690,C
4.803059,7.586829,6.722823,C
6.130374,5.753946,8.998465,E
8.032572,8.309428,6.975404,B
5.307543,5.964750,7.016069,C
4.448380,7.801681,8.777793,C
9.165011,10.366707,8.401822,B
7.933598,9.583906,7.676204,D
2.804100,6.276628,6.903260,C
4.796157,5.153550,7.528270,C
7.386981,8.333310,8.679035,D
6.704921,7.587480,8.301028,E
7.522428,7.570260,8.701870,E
5.764373,6.162913,8.220120,E
5.472909,5.112754,8.695352,E
7.246836,7.598023,8.334345,E
5.328316,6.437608,9.008645,E
5.982584,6.918821,8.061783,E
5.913433,5.727400,7.355141,A
3.903434,6.083121,6.651781,C
5.693712,6.729202,7.167620,A
3.920643,7.771156,6.488946,C
4.670668,4.989544,7.280833,C
3.615413,6.756401,8.123543,C
9.212681,8.644587,7.411535,B
3.198015,6.796036,8.372486,C
3.840513,6.023803,7.480769,C
6.459766,6.252499,10.046823,E
5.096933,6.736848,7.005760,C
7.454549,9.148795,7.951999,D
7.578358,8.974345,7.919722,D
5.511287,6.776988,7.765740,C
8.299699,9.353042,9.802481,D
6.463661,7.296561,8.336399,E
5.111417,6.640880,6.460724,C
3.898917,6.939110,7.854783,C
8.525191,9.726339,7.728467,B
7.330884,6.451989,6.704050,A
3.527541,7.481276,7.403492,C
4.682144,4.966202,6.575356,C
6.303717,7.323502,8.195471,E
4.758224,8.337558,7.803699,C
7.177879,6.577869,7.117192,A
6.529376,6.890570,8.389935,E
9.812144,8.653844,7.760306,B
5.105662,6.014427,7.941363,C
1.547398,5.608576,7.267135,C
4.238051,8.383178,9.035726,C
3.213592,5.296100,5.537164,C
8.333533,7.416670,8.469145,B
6.464238,7.807693,8.482823,E
8.418852,11.211649,7.854069,D
5.379785,7.439255,7.354361,A
4.313188,5.641792,8.120667,C
4.792116,5.992531,8.014589,C
8.433798,7.964393,7.859359,B
6.577146,9.948215,7.586946,D
7.374911,7.033634,8.551260,E
4.875742,8.878566,6.724027,A
8.365544,8.762332,8.305686,B
4.577177,7.519390,7.396980,C
8.581336,7.193390,7.612775,B
8.822902,7.336049,9.138419,B
5.105947,7.361994,7.935231,C
7.486285,9.264945,8.547702,D
5.842298,6.514886,7.789678,E
6.555809,7.778342,8.434912,E
5.204792,7.308985,7.454785,C
8.570978,8.425982,8.284614,B
4.216549,7.159629,8.148186,C
6.707701,6.224296,5.260588,A
4.402516,8.700827,8.949788,C
7.728832,8.233118,6.845819,A
6.420318,8.994515,7.839109,D
3.973803,7.177231,8.268925,C
3.705913,7.864794,9.523528,C
9.334794,7.212094,8.514111,B
8.592106,7.597974,8.703632,B
7.197375,6.691117,4.730395,A
5.509363,5.298116,6.301280,C
7.161640,6.402156,7.944085,E
7.259783,7.134144,7.911100,E
5.767447,6.668891,7.731238,E
8.554224,8.940796,9.003077,B
5.777098,7.707995,6.404158,A
4.315215,6.026464,8.281753,C
6.185709,4.729950,8.065831,E
5.749319,6.002581,6.981082,A
10.030612,8.222963,9.657493,B
5.460033,7.887889,8.474894,E
3.084674,7.228460,7.478541,C
5.215127,5.618719,7.461458,C
8.040919,9.531828,10.354065,D
5.251275,5.907599,7.007086,C
6.703897,6.146141,7.728566,E
7.310559,9.584799,7.269482,D
2.541706,6.792972,7.932867,C
7.113730,6.903825,8.187135,E
7.378425,8.574751,7.446123,D
7.481935,8.057717,8.914022,D
4.675424,6.116541,8.095600,C
6.253036,6.919209,7.123906,A
7.660486,9.095584,8.171527,D
5.803037,7.625944,6.895600,A
7.991811,8.319820,10.916439,D
6.224398,8.798730,8.339380,D
5.638059,6.361721,10.085810,E
6.430352,7.526103,7.521125,A
9.000802,7.624542,9.678603,B
7.338911,4.995125,7.445556,E
4.974201,6.550111,8.128674,C
8.639058,11.145346,9.096766,D
6.435553,6.971867,7.523024,A
4.333818,7.261994,5.689367,C
8.276369,8.942838,7.401840,B
7.660615,6.716012,7.808371,E
6.545426,7.104119,8.936268,E
10.371566,7.897959,10.605142,B
5.446513,6.814516,5.780368,A
6.205981,8.558769,7.407497,A
6.053182,8.725797,6.291559,A
5.453653,8.864579,7.664101,A
6.763913,6.501441,8.006399,E
8.094580,7.146277,9.357502,B
4.327381,4.612875,7.618502,C
7.196778,7.790728,6.548599,A
6.120590,7.289304,9.638885,E
5.453354,7.013409,9.076696,E
4.882473,5.921840,8.336545,C
5.949169,6.631947,6.715076,A
5.674891,8.810232,7.591826,A
5.787639,7.227457,8.012627,E
3.154420,5.785465,8.721410,C
6.969184,7.281671,8.223446,E
7.091779,8.902631,6.423261,A
7.775390,6.600122,8.183128,E
9.856358,10.316442,8.057447,B
8.480221,9.531471,9.485678,D
8.066343,6.661322,8.854597,E
7.708813,8.996455,7.839230,D
4.379773,6.867603,8.368485,C
6.935550,8.298110,8.051687,D
4.320451,6.462414,6.473746,C
5.622739,8.408164,10.222940,D
6.487737,5.464591,6.966926,A
3.818928,7.305128,7.707849,C
6.168687,7.870032,9.521064,E
10.199122,7.551182,7.548747,B
7.181804,7.405794,8.249695,E
6.253009,5.081947,8.182885,E
4.480218,7.422898,7.374629,C
6.054079,6.212078,9.212766,E
5.608185,5.330515,6.917819,C
9.298100,8.590625,7.423625,B
6.122489,8.474077,7.813752,D
8.815884,7.500900,6.844736,B
5.933821,8.094845,9.842547,E
5.937420,8.324025,7.512144,A
6.881159,6.868147,8.556560,E
7.888923,7.578414,9.025913,B
5.633714,6.462111,5.174654,A
5.103001,7.522994,8.151507,C
5.658865,7.383586,9.857104,E
6.547386,8.700378,7.671530,D
4.364345,5.607300,6.484435,C
6.472960,8.239392,8.673852,D
8.311182,9.470886,9.188577,D
3.399929,6.128604,5.652096,C
6.448031,8.654863,8.826847,D
7.991933,8.840179,8.742451,D
4.520859,7.734612,8.550293,C
8.645671,6.244183,9.480506,B
6.017460,7.165609,6.731697,A
8.080187,6.072342,6.803472,A
4.716492,7.543892,6.398822,C
7.568962,6.700662,7.593869,A
6.944021,6.255931,6.162203,A
7.564642,7.452416,8.824567,E
3.614825,7.126963,8.726357,C
4.242707,6.322006,8.350966,C
8.675714,8.082350,7.480277,B
6.664924,7.862038,6.698932,A
3.367249,5.799783,8.166720,C
6.771624,7.933106,9.406753,D
6.203647,8.676805,8.250127,D
6.342612,8.098376,7.929653,A
9.569675,9.094602,8.034749,B
7.637946,9.265465,9.119139,D
7.265138,9.165240,7.490988,D
7.392494,7.524420,8.244735,E
3.440612,6.669284,8.614658,C
5.031121,8.649665,7.797113,A
6.263358,7.850856,10.929496,E
7.739981,6.008912,6.379441,A
5.664863,7.243837,8.103715,E
7.344769,8.344500,9.639750,D
7.277869,8.229757,7.959495,D
7.909799,5.889008,7.782246,E
9.276550,8.416377,7.237105,B
4.143374,7.850575,6.541569,C
6.027458,7.458074,8.710093,E
4.608475,7.833736,6.808392,C
7.921580,8.449052,8.209074,B
8.069965,6.914123,7.749045,B
7.042890,7.597025,9.023118,E
7.118231,8.061891,7.631394,A
7.230425,8.471995,7.336767,D
5.403194,7.489849,8.231215,E
4.930593,5.848667,7.209887,C
5.112636,7.351203,7.307081,C
8.418537,8.161841,8.222490,B
4.337761,4.826937,9.024700,C
6.585051,7.592120,8.829462,E
7.145387,6.403690,8.203061,E
7.059215,8.095584,7.656326,A
6.703979,6.404055,7.308239,A
9.357986,7.507513,9.364113,B
5.778066,8.203993,8.340482,E
6.676116,9.221583,7.226920,D
5.257634,9.606222,7.909270,D
5.723439,6.168885,8.930602,E
6.530154,7.198451,9.833407,E
5.880541,7.439446,7.872525,A
8.078388,8.963599,8.521341,D
4.574910,7.317644,7.344512,C
9.624750,7.298727,9.507488,B
6.584278,7.787018,5.694548,A
9.077266,10.226419,8.315833,B
7.478649,8.481390,7.288404,D
6.371666,8.123478,8.424091,D
4.545408,8.348593,6.644549,C
3.199885,6.177619,7.049938,C
5.677317,8.396003,9.376773,D
6.288167,5.401116,6.774771,A
6.838605,9.006536,6.484780,A
4.758532,6.498936,7.155743,C
6.033773,8.595256,6.355331,A
9.849232,8.651276,8.470653,B
5.191348,6.592345,8.410239,E
7.339304,6.955965,9.154796,E
7.860151,6.793808,5.140884,A
7.929248,8.289648,8.563039,D
4.539899,6.329825,7.009339,C
7.152739,6.768299,9.062200,E
8.076136,7.676438,8.805453,B
7.762117,6.914177,8.139061,E
5.974634,6.860883,9.148167,E
6.975066,8.866642,6.827794,A
6.935326,7.727402,8.143109,E
6.050428,5.044134,10.886589,E
3.058849,8.550867,8.806849,C
3.550939,7.614850,8.517323,C
4.802333,5.850023,7.938669,C
4.432398,6.634953,8.181171,C
6.441042,6.666875,10.177617,E
8.130792,7.495697,8.377503,B
7.830331,8.148082,8.820119,D
6.374120,8.879107,8.064868,D
7.206092,6.805959,9.251800,E
7.216188,7.395509,8.605143,E
7.588602,8.256320,9.639851,D
6.318668,7.107396,8.449448,E
8.737895,8.372254,7.555334,B
9.078543,9.139231,8.007759,B
6.718658,6.425104,6.997301,A
7.380084,5.837210,8.836191,E
5.445853,6.121977,6.587365,C
7.188680,6.149277,9.639573,E
5.228647,8.430880,5.842041,A
5.021772,7.913865,7.478184,A
6.141781,8.608950,8.211215,D
6.197392,6.948241,8.577092,E
5.189076,6.185429,6.999069,C
4.479502,8.434466,7.969217,C
8.598459,8.752814,8.862394,B
6.564748,8.155409,8.888742,D
4.524733,8.431882,5.540335,A
4.023597,5.996724,8.246857,C
4.842622,7.215255,8.655600,C
7.527020,8.286175,9.777655,D
5.704437,8.145750,10.066405,E
6.284144,7.709286,6.821288,A
8.010900,9.117959,8.739468,D
5.084885,8.020771,8.037889,C
7.845831,7.672547,8.642574,B
6.658771,7.115550,8.447820,E
4.229201,6.139316,7.130507,C
6.528443,7.292139,10.121812,E
7.577528,8.262091,9.072869,D
5.182006,8.304597,6.486292,A
5.977717,7.176925,9.204230,E
4.774005,6.890595,8.650091,C
6.720014,8.455856,9.553675,D
5.597791,6.884652,6.868792,A
8.953782,8.576665,9.374174,B
8.628493,7.973987,8.452900,B
3.163180,6.396279,8.107661,C
6.285801,7.921224,6.384969,A
6.088822,7.138614,8.390132,E
5.059511,8.076885,5.458504,A
7.455376,8.330197,10.368626,D
6.807271,7.252516,7.076141,A
1.902541,5.507384,6.808100,C
5.666507,5.565228,7.403476,C
8.518041,8.741450,9.369955,B
7.219941,8.138477,6.053579,A
6.421326,7.281183,6.051716,A
7.400585,8.811288,6.187520,A
4.694067,6.368399,7.549663,C
8.755442,7.826388,7.266134,B
7.596231,8.198946,8.077158,D
4.325952,6.970668,7.862489,C
2.069481,7.425558,7.673884,C
6.317307,8.829454,8.754574,D
5.997670,5.774329,7.955946,E
4.924158,6.157565,8.805547,C
5.747482,9.163985,6.623273,A
6.377188,8.098394,6.319987,A
8.555540,8.254579,9.195995,B
3.311932,6.266166,8.064120,C
5.301044,6.747204,7.215075,C
10.527287,7.789789,8.525506,B
7.525955,9.830620,6.606515,D
9.125790,8.562357,9.705478,B
6.876387,9.568350,9.219674,D
8.585995,6.651497,7.297890,B
5.500008,6.287402,8.557441,E
5.956699,7.606189,8.294707,E
5.504723,7.431264,6.121159,A
5.556375,7.888025,8.254592,E
4.612712,7.082067,6.712052,C
3.072055,7.230600,4.567196,C
7.114514,8.103488,9.043129,D
7.419494,8.410196,6.405679,A
3.910470,5.999659,8.137362,C
9.322479,8.455267,8.525178,B
6.900717,7.232374,9.599599,E
8.272486,9.069618,9.105411,D
8.806567,6.660397,8.099944,B
6.368002,9.372245,9.100999,D
8.406283,7.172077,9.876374,B
7.981514,9.144376,8.906038,D
6.283786,6.744508,7.518457,A
7.783523,6.640634,5.883643,A
10.314436,9.398131,9.441044,B
8.129228,7.816665,7.802003,B
6.752012,8.041791,6.642247,A
2.169346,6.479781,7.382011,C
6.006267,7.522361,8.175256,E
6.714819,8.240453,8.224331,D
6.267544,8.003465,9.412456,E
4.608749,6.484302,6.947415,C
5.933007,7.354437,7.859127,A
4.464733,7.216067,8.765370,C
7.707386,9.032505,7.567514,D
9.220710,10.251332,8.486093,B
8.211775,8.198875,8.529083,B
9.046076,7.153690,7.376029,B
8.527064,8.084615,7.562129,B
7.639705,7.375549,7.721164,A
6.828171,8.952785,8.485090,D
6.267206,7.506293,8.462519,E
3.379857,6.231282,7.278159,C
2.992989,6.043909,6.675991,C
7.477119,8.675064,8.389372,D
4.629931,4.765128,6.578690,C
6.024479,6.861664,7.431729,A
8.008689,7.727162,7.222997,B
7.525430,10.008550,9.049288,D
5.705524,8.722644,8.283929,D
6.478447,8.154679,7.506899,A
6.185172,6.718224,8.961296,E
7.609563,6.391507,9.070655,E
3.966863,6.410451,6.346253,C
7.390570,6.175775,9.222617,E
7.932805,9.429203,9.166526,D
5.277380,6.694414,8.500417,E
5.587962,8.050493,8.599883,E
5.831910,8.074147,8.810523,E
6.807104,8.472761,8.360212,D
3.735044,7.118483,8.314247,C
7.091594,9.642296,5.325753,A
7.339698,9.199569,7.885690,D
5.436898,7.247726,8.184889,E
7.353401,8.069869,9.596378,D
5.627657,7.398815,7.020976,A
6.338848,6.045759,7.289463,A
6.455297,8.204176,8.775362,D
7.121004,7.611326,6.549362,A
7.182652,6.946031,7.424938,A
2.875695,6.788652,7.495068,C
7.468101,6.233499,8.155773,E
4.326857,5.171495,6.559050,C
6.682419,7.993103,9.286497,D
5.419943,6.681425,6.168351,A
6.497620,7.190490,7.155603,A
7.182579,9.384750,9.373077,D
8.608045,9.429588,7.831383,B
4.530183,7.842696,6.908874,C
4.856836,5.941821,6.317992,C
2.167783,6.107805,6.004537,C
7.082696,6.070998,6.992319,A
2.541819,5.560470,7.369234,C
6.333679,8.584965,6.905896,A
7.685454,7.341112,6.869877,A
7.422846,7.193174,7.105164,A
7.816823,8.359457,8.502431,D
5.004139,7.540676,7.839155,C
7.613883,7.507458,8.589437,E
5.690419,6.203609,8.320624,E
9.985504,8.358595,8.932165,B
4.389703,4.960438,8.095446,C
7.217577,7.056192,8.107923,E
4.752289,7.876520,11.209044,E
3.785054,8.544220,6.794328,C
9.649989,7.122980,8.339212,B
8.127812,8.289014,7.853885,B
9.577016,8.625898,9.106765,B
4.791871,6.387231,8.193432,C
6.006036,5.203034,9.107570,E
8.083577,7.684920,9.119764,B
6.423409,6.545252,8.649279,E
7.372999,8.158269,8.810036,D
7.569212,7.315937,8.152315,E
9.443441,7.282958,9.718301,B
7.216809,7.295973,7.056341,A
9.399118,9.082235,6.442319,B
3.130813,6.588475,6.787683,C
8.429907,9.058508,9.386952,B
6.646657,8.001935,5.373378,A
8.150310,6.280003,6.531459,A
8.683292,7.314118,7.911420,B
8.126972,7.844969,5.399126,A
7.538852,9.431494,9.305070,D
5.521093,6.924381,7.999754,E
5.640355,8.815626,9.980766,D
8.245702,8.372585,7.548412,B
5.157004,9.214273,8.897978,D
4.700820,5.798028,6.411866,C
4.370672,6.420372,8.233793,C
5.592470,10.232713,7.405071,D
10.016062,8.976050,9.516734,B
8.466478,7.904625,9.317421,B
6.142054,8.447856,7.391870,A
4.940310,5.149281,7.440448,C
6.952925,9.423953,7.443810,D
5.649453,6.506223,6.766373,A
5.882104,8.950336,5.729097,A
7.941121,8.135626,9.731698,D
6.471916,7.347645,9.606601,E
8.181167,8.637298,7.354546,B
10.881449,7.614499,8.344350,B
6.005274,7.824820,9.097922,E
5.902772,7.989849,8.195402,E
7.361454,6.823715,8.249142,E
5.838059,7.279574,8.683601,E
4.507989,6.216661,7.503019,C
9.472827,9.193545,8.559669,B
6.931391,8.703499,8.576434,D
7.620779,8.797553,9.989513,D
7.731924,7.191974,6.516302,A
4.195115,9.265829,5.710196,A
6.550794,8.980653,7.675833,D
8.762904,7.454032,8.131950,B
7.752250,8.356070,7.953877,D
5.688446,6.972152,8.076610,E
7.251491,8.117502,6.828921,A
7.250848,8.801101,8.395078,D
5.938644,8.932051,11.172659,D
7.682272,6.475921,6.721182,A
7.335112,8.907054,9.125176,D
7.467183,7.310230,8.389671,E
5.782508,7.174224,8.679896,E
5.406118,7.622491,8.002520,E
6.178170,8.265273,8.019717,D
9.974324,9.794809,7.996754,B
5.078669,10.415451,6.964995,D
6.664743,8.354027,5.167163,A
4.271462,5.841708,6.682993,C
7.639089,9.257974,8.780714,D
7.851734,7.372083,7.540543,A
4.990425,8.056864,6.585061,A
8.672558,9.865210,6.677237,B
4.919423,4.669546,6.631737,C
8.865839,6.353532,6.902968,B
6.713531,8.201068,6.725043,A
6.574117,6.667976,6.101636,A
7.448828,8.395520,10.044196,D
4.174266,5.092516,7.286274,C
5.955980,8.101755,10.106728,E
8.628197,7.137379,4.910368,A
5.841199,7.923338,6.804533,A
8.064234,7.420767,6.969759,A
7.452653,7.502320,7.097358,A
8.677913,10.229943,7.995156,B
7.097954,8.074272,8.849276,D
5.834094,5.605469,6.913070,A
4.502436,6.780464,8.360245,C
3.365292,6.487383,7.747318,C
4.300209,6.754615,6.307132,C
9.129221,7.876542,6.407358,B
5.452021,6.416195,8.328138,E
8.760370,9.909819,7.400190,B
7.351115,5.774555,7.886294,E
8.483815,10.082495,6.519604,B
8.161504,8.291526,7.005594,B
8.568224,8.511162,8.577617,B
6.554321,6.830032,8.113836,E
8.308046,8.263503,6.074219,A
5.174169,7.001557,8.859746,E
9.487059,8.199279,8.462573,B
5.950471,8.024194,8.019268,A
6.968363,7.219488,7.617860,A
6.412836,7.871224,8.317504,E
4.412600,8.573614,6.684434,C
8.438266,8.396503,7.890348,B
5.318947,7.315962,8.322542,E
7.795317,7.130621,6.450329,A
7.916775,9.257941,9.032677,D
7.082929,8.985573,7.240969,D
4.221626,6.564174,6.720020,C
6.282301,7.562781,8.181635,E
4.161067,7.697090,5.802176,C
6.654742,6.940412,7.152633,A
8.361246,7.449210,7.181501,B
9.013523,8.897294,10.770011,B
8.521609,7.187105,7.681153,B
6.375157,5.938167,7.907241,E
7.069878,8.879492,8.385673,D
8.268682,8.194127,9.192885,B
5.910943,5.162060,7.295308,C
6.540905,5.660991,7.521837,E
5.119267,6.811519,6.927376,C
8.870545,8.906191,8.979982,B
3.407529,6.701840,7.401365,C
7.035758,8.153141,6.990185,A
9.434301,7.056633,9.363436,B
6.698769,7.962381,10.842743,D
6.760345,7.626219,7.297652,A
3.566018,7.446529,8.125347,C
5.524626,7.356186,8.274621,E
5.274879,6.944507,6.683301,A
6.456348,7.802503,6.387836,A
5.227988,9.507737,8.130369,D
5.708942,8.735509,9.754748,D
6.044915,6.348073,7.152916,A
7.245201,8.506846,6.830950,A
6.250033,6.677597,8.799683,E
2.688519,5.149549,7.778757,C
5.655125,8.405678,6.827873,A
4.485132,6.150079,6.598430,C
6.893256,8.804186,9.320399,D
6.391308,6.982128,8.014448,E
6.358105,7.119463,10.426286,E
6.505569,7.822896,10.114358,E
3.094415,4.910353,8.158866,C
6.951451,8.063973,7.362782,A
3.644178,7.535965,8.172870,C
6.279206,7.334156,9.042345,E
8.129855,9.699395,10.325481,D
8.781939,8.436534,8.815440,B
6.734493,7.018376,7.893823,E
6.253524,7.507389,8.691516,E
3.824254,7.058956,7.937527,C
9.075360,8.115860,10.226602,B
6.817365,7.725497,7.356483,A
7.782071,8.106064,8.288504,D
6.948580,7.283845,8.465848,E
4.376557,6.299765,8.349832,C
4.442267,6.758871,7.198743,C
5.542957,8.097759,9.520998,E
6.050861,6.611200,8.313892,E
5.445329,6.270386,8.254446,E
6.971871,8.780757,5.766688,A
8.641753,9.333726,8.360561,B
4.217617,6.774676,7.132225,C
7.470143,6.679592,8.786347,E
6.384014,8.677102,9.034434,D
4.878785,7.136657,7.236077,C
6.706777,8.389345,6.752078,A
6.194799,6.893952,8.541972,E
7.132174,7.846490,7.695467,A
5.763688,6.280460,7.128347,A
9.677723,10.783418,8.191310,B
4.276000,6.368616,8.626273,C
7.946471,7.692309,9.168351,B
7.301101,8.671370,8.295603,D
3.687475,7.246264,8.878061,C
6.877374,7.041330,8.990561,E
4.045308,5.096796,8.511445,C
9.520313,9.562907,7.716460,B
4.292621,7.156431,7.980354,C
8.028448,8.136153,10.327197,D
2.995083,5.774401,7.471314,C
4.961732,7.310840,7.482907,C
7.579480,6.404978,8.247456,E
6.024137,5.212073,8.707992,E
7.892977,9.804349,9.426972,D
3.110387,5.439132,7.427975,C
6.044491,7.669832,8.633034,E
8.882370,8.117525,8.145750,B
7.952270,10.350498,9.274391,D
5.883757,6.087087,5.603712,A
5.678396,7.368424,8.186805,E
7.930080,6.838250,8.916693,E
8.136144,8.167349,8.556898,B
5.888795,8.468075,6.966127,A
7.397000,8.917533,8.664045,D
6.591097,7.309195,7.247823,A
3.604475,7.157520,7.242974,C
3.481976,6.708682,6.681231,C
7.246397,8.389209,7.774069,D
4.476027,9.417656,6.966430,A
7.112907,9.617384,7.896121,D
3.726774,6.685807,7.697227,C
6.627534,7.153404,9.993205,E
7.368554,7.120012,8.440394,E
6.968998,6.372094,7.925438,E
7.540796,7.723753,7.422842,A
8.043506,8.116903,6.942527,B
4.503478,6.365147,8.959015,C
8.030759,9.238125,9.173410,D
6.581247,7.639222,9.207585,E
4.257679,8.766138,5.902690,A
5.217108,8.736758,6.936305,A
5.891669,7.334312,7.476860,A
4.461854,10.189131,9.538056,D
4.208952,6.198195,6.075977,C
5.730129,8.156989,7.675461,A
6.137360,6.795520,9.475609,E
8.229138,6.777150,8.045216,B
8.032986,7.979273,8.307261,B
7.562469,6.508520,5.611448,A
6.709814,8.704394,8.612920,D
8.484467,8.502632,6.035341,B
7.738788,6.347957,8.432271,E
5.868236,8.350858,7.950062,D
9.050423,7.529984,9.260739,B
4.675930,5.967163,7.081700,C
11.909118,8.860147,8.039441,B
6.757064,7.426449,7.398189,A
6.349360,6.538696,5.486195,A
4.682401,7.155925,7.835067,C
6.762994,8.495799,7.181781,A
4.013578,6.439575,7.813291,C
4.693109,7.875103,7.779613,C
6.641039,7.555027,7.414267,A
3.922856,6.528911,7.266264,C
8.289105,8.532018,7.461091,B
6.764819,8.257389,7.903409,D
7.085089,5.939938,7.690252,E
6.771195,8.966662,7.871605,D
4.441087,6.180057,8.655587,C
9.617890,6.846606,8.436529,B
8.804347,9.199177,9.408169,B
5.461464,7.440218,7.142352,A
8.028300,8.772480,7.197150,B
4.672994,6.783369,8.972911,C
3.633585,4.738417,8.593815,C
5.925671,8.116715,8.892817,E
5.565172,7.793316,9.328739,E
6.103382,6.381716,7.575019,A
7.521799,7.517629,7.803697,A
9.137299,10.318090,8.862191,B
8.793268,9.324912,7.950949,B
8.067073,8.210562,8.272380,B
7.849240,5.978006,8.306263,E
8.075025,9.930526,7.991584,D
4.096316,5.645243,7.516509,C
4.784775,7.478727,7.116060,C
8.205111,8.019864,10.432364,D
8.718307,6.567453,8.413905,B
5.881683,6.619530,7.330377,A
5.213992,7.037835,7.542508,C
6.934214,9.315975,9.742153,D
7.719405,8.535584,8.861138,D
5.323263,8.737999,9.015042,D
5.958979,6.401532,8.291909,E
6.208473,7.490007,7.569859,A
4.797071,7.022961,8.215528,C
7.415100,8.121118,9.049756,D
7.734082,7.924494,7.688117,B
6.696415,11.298646,7.719299,D
4.676924,5.988519,8.095466,C
7.307246,8.142228,9.278401,D
8.743912,8.412731,8.315874,B
5.311020,8.142840,8.014678,A
7.786034,7.237232,7.560640,A
5.707079,8.736608,6.393149,A
8.956713,9.191988,8.326994,B
3.852296,7.244985,7.780558,C
8.032591,6.952038,7.560604,B
8.235188,7.366571,9.683274,B
4.915501,8.144462,6.502274,A
5.930969,7.441782,7.592540,A
6.888305,8.576657,7.754899,D
6.652381,6.833581,6.527012,A
8.041760,7.635734,8.263770,B
6.878513,6.413391,6.466717,A
6.350865,7.664056,5.767540,A
6.206246,6.936757,6.506230,A
7.286101,7.042196,9.760969,E
6.752112,6.634600,9.350695,E
4.562892,6.751537,6.142976,C
7.044938,7.137041,7.851216,E
8.349473,7.264006,6.211639,A
9.379900,9.125060,7.645665,B
6.290071,6.848263,5.175595,A
5.817410,7.537815,8.789719,E
6.425599,6.688130,8.412434,E
6.937601,8.779901,8.588780,D
7.177823,6.890486,9.855688,E
6.973091,9.165111,7.435972,D
5.465192,8.128434,7.268012,A
6.005728,5.464139,8.463359,E
5.881107,6.056325,6.581625,A
6.670842,6.148860,7.193067,A
10.285090,10.206498,8.530049,B
7.160533,5.244277,8.637186,E
8.588655,8.134459,9.395258,B
9.740874,8.726769,6.327064,B
4.547106,5.211955,7.709833,C
7.615765,7.574899,6.954067,A
5.783038,7.441942,6.152926,A
6.612425,7.815570,8.443492,E
6.140496,8.158143,7.198536,A
8.367514,7.271313,8.207175,B
7.191213,10.317740,10.126451,D
5.502556,8.078731,9.908879,E
6.944553,8.368931,7.402866,A
8.239126,7.132828,7.998883,B
6.335387,6.329199,7.748871,E
5.229084,5.453953,5.658210,C
6.660028,5.353678,9.143715,E
9.910167,9.671965,7.089748,B
7.678639,6.803702,6.058459,A
5.263960,7.857247,7.889433,A
4.777114,4.658149,6.757843,C
6.347260,9.052196,7.861267,D
4.428400,7.296561,7.620914,C
9.805131,7.303337,7.189250,B
9.336869,7.222236,7.522350,B
6.852164,8.698558,8.939117,D
7.036124,7.262210,8.365078,E
7.315496,7.481800,9.384742,E
5.703130,7.548517,8.219037,E
6.939489,8.028887,6.201269,A
4.439768,7.239461,8.763318,C
4.661062,6.773346,6.107852,C
6.793947,6.579078,10.209164,E
5.218519,6.605691,9.778332,E
3.938430,7.702659,6.853688,C
5.248280,8.288919,9.227698,E
6.802463,7.836902,10.116654,E
5.891552,7.208134,7.690503,A
6.699920,8.367669,7.720066,D
6.695721,8.175544,9.356624,D
4.746522,6.564879,7.017979,C
8.438203,7.531585,8.063759,B
5.429785,7.515825,8.188664,E
10.177882,8.273083,7.942091,B
5.598633,7.002032,9.388348,E
7.851566,7.685157,7.711168,B
6.840711,7.827826,9.705210,E
5.880626,8.097344,9.525350,E
6.706724,7.949504,8.796838,D
7.190398,8.078976,6.416707,A
8.085079,8.991162,9.152304,D
7.643000,6.200047,8.024869,E
8.270800,7.946263,8.730216,B
4.295579,5.949806,7.198666,C
6.644910,7.732785,8.047388,E
9.525380,9.054567,7.147836,B
7.413203,9.171510,9.022714,D
5.024388,8.564212,7.444280,A
6.150519,7.345501,8.323265,E
3.724097,5.517280,6.347203,C
6.913458,6.880327,7.362711,A
9.585853,8.326475,7.536930,B
4.150974,7.282802,7.639920,C
6.358027,7.107329,8.186331,E
5.409172,5.707463,8.113649,C
6.010311,8.686833,8.323983,D
8.751954,8.623234,9.804105,B
6.800961,8.101195,9.103418,D
9.069771,8.841310,6.866573,B
2.693855,7.988775,7.272480,C
8.575763,8.820896,9.947564,B
7.413269,8.040977,7.700556,D
8.962386,8.821617,9.571641,B
4.666106,6.567821,6.925863,C
4.607561,6.288527,6.757470,C
5.797763,7.097587,7.075856,A
7.065698,8.554377,6.593349,A
6.013174,7.012596,6.701149,A
7.048995,8.430460,7.526599,D
8.123578,8.909609,6.465463,B
7.179355,9.389478,8.562325,D
5.670620,6.917287,8.760977,E
6.827983,7.248448,8.967052,E
4.864172,5.299383,9.311780,C
6.058606,7.004212,7.620493,A
7.753831,6.926968,7.696926,A
4.123589,3.218868,8.108927,C
5.594687,7.998530,8.144396,E
4.561207,7.161303,5.676902,C
3.963870,4.531067,6.325454,C
5.391595,6.956202,8.040756,E
6.936006,6.944017,6.994046,A
7.521370,8.414400,9.797208,D
2.668671,5.422194,9.067613,C
7.915751,8.504866,7.885003,B
6.245404,7.236144,8.473215,E
5.120708,7.423434,7.941229,C
7.115840,7.334466,7.050687,A
6.846437,8.267538,7.858597,D
3.847377,7.448788,6.384556,C
3.720624,6.494443,7.170280,C
4.125860,6.879893,7.861262,C
6.348564,7.175789,6.847557,A
5.722622,8.696162,9.046824,D
5.712754,7.828293,8.965198,E
6.202808,8.723601,7.290770,A
5.873000,6.701333,8.065188,E
4.016938,6.993696,7.068821,C
7.734911,6.676486,5.906266,A
5.116669,7.254778,8.198337,C
4.289599,8.417581,8.340303,C
6.992225,7.375105,7.432927,A
9.592901,7.467643,10.225242,B
4.915225,5.857331,6.909764,C
8.184077,10.284132,7.578894,D
5.947083,8.303641,7.971145,D
5.963449,6.094822,7.238155,A
9.190858,8.678169,7.793984,B
10.958354,10.691754,7.943743,B
9.869015,7.867544,8.574975,B
7.963248,8.634625,6.861773,B
5.593660,4.586246,7.461291,C
8.310330,8.217762,7.845854,B
7.977980,7.761001,8.778283,B
6.865612,7.374969,6.906031,A
5.916938,4.843269,7.087648,C
7.453723,7.704675,8.660608,D
5.984447,6.526814,7.339907,A
6.913666,7.017595,6.179610,A
7.058819,6.324188,8.760149,E
6.758508,9.237794,7.113272,D
7.197177,7.780430,8.794568,D
6.466840,7.512075,8.393936,E
3.110470,7.531341,6.244903,C
6.637955,5.923651,6.915902,A
3.366062,6.669129,6.217570,C
4.646264,5.671700,7.325417,C
3.118885,5.687158,8.000345,C
9.173851,7.588921,9.569862,B
8.916825,9.563365,7.536164,B
2.130466,7.933461,6.932443,C
7.863431,9.896164,9.700186,D
8.989740,8.307532,6.668578,B
7.656334,7.416605,9.644235,E
7.011137,5.606015,7.439864,E
8.006424,9.919896,9.545808,D
9.272751,8.082922,8.646496,B
4.544532,5.649961,8.297779,C
6.759507,7.582144,6.481152,A
6.661405,6.749755,6.111425,A
7.835225,6.500737,9.494142,E
8.212037,8.299104,8.049969,B
8.640811,8.045949,8.471964,B
2.344262,5.851239,8.644973,C
9.822033,9.044948,6.831891,B
5.335968,7.194154,7.607657,A
5.642614,7.729024,7.259322,A
8.246696,8.320497,8.878598,B
7.132230,8.837771,6.561321,A
9.284445,8.253490,7.880548,B
6.953933,6.868681,9.615547,E
7.115670,8.362229,7.049079,A
8.727489,7.208200,8.824431,B
4.806266,5.942778,7.621833,C
8.600639,8.449046,7.638412,B
5.266592,7.204172,9.757008,E
9.857123,8.372237,9.637765,B
6.537432,7.288156,9.504779,E
8.809103,9.950155,7.336070,B
7.614912,8.233065,7.531792,D
4.965819,7.003806,6.741254,C
5.495871,7.655616,8.160411,E
5.001536,7.512811,8.805335,E
6.346031,6.831961,7.751993,E
6.718173,6.977461,7.385837,A
6.862980,7.848862,7.587548,A
7.321497,9.224240,9.123020,D
6.804200,6.093628,7.219035,A
7.741047,9.304521,8.934922,D
4.286488,5.792081,6.706930,C
7.736173,11.320197,10.332563,D
6.159709,7.675767,8.865271,E
4.400829,5.288186,7.399146,C
8.786272,8.060541,6.337491,B
6.392200,7.714273,6.538181,A
4.180304,5.489601,6.811161,C
7.696193,7.877319,8.375548,D
7.642675,7.385083,8.306301,E
6.710423,7.688003,6.795910,A
5.378136,5.705636,7.250725,C
6.296142,9.160437,6.879293,A
3.642429,4.891615,7.036152,C
6.050765,7.196068,8.597933,E
7.503959,6.803403,8.408192,E
5.863858,8.898445,8.703585,D
9.256425,9.731369,6.841160,B
8.445652,7.233627,7.620994,B
6.656313,8.391613,9.550843,D
9.594833,8.806325,10.148381,B
7.614385,7.586840,9.204273,D
6.233986,9.774033,9.338352,D
7.955106,7.773591,8.802199,B
4.579005,6.576871,9.216584,C
6.988269,7.674015,8.232942,E
9.874067,7.426303,8.653421,B
9.419375,9.150066,7.084349,B
8.809829,7.318377,7.957244,B
9.217739,9.015365,10.420990,B
8.082567,7.280203,8.391689,B
6.568129,6.049182,9.649906,E
5.050093,7.360840,7.798984,C
5.338942,6.033666,7.563480,C
6.139855,6.780959,9.250985,E
10.742271,10.118947,8.695582,B
4.802879,7.388162,8.094757,C
6.453950,7.521255,6.815192,A
6.417566,10.238002,8.492758,D
5.640797,7.070561,7.661344,A
7.826161,10.078775,8.154315,D
6.241021,4.720230,7.798293,E
4.897504,7.686518,7.484160,C
3.967079,7.518886,7.427327,C
5.355013,5.570523,7.281668,C
4.983457,8.464442,7.523190,A
4.970598,7.134616,8.024474,C
6.671953,7.330177,7.176630,A
6.498921,8.760726,6.483524,A
7.713916,8.009536,6.918979,A
6.945698,8.463395,7.733887,D
5.987053,7.648917,7.656541,A
8.522334,7.751566,8.688068,B
7.247348,8.057964,8.154989,D
6.966375,6.833982,7.280269,A
8.970297,8.116806,5.704105,B
7.609090,8.237806,5.293332,A
7.599875,8.791466,7.051011,D
7.542210,8.637812,8.708175,D
6.083141,4.704489,9.366980,E
10.553251,8.263452,7.076113,B
5.268169,7.429147,7.294966,A
6.108147,7.531015,7.223108,A
8.508256,7.620301,9.775523,B
6.797247,5.741002,8.126598,E
6.763583,6.743822,8.414478,E
7.167483,7.900408,9.172082,D
4.802261,8.011389,7.958573,C
4.095784,6.426398,9.590211,C
7.485784,6.619159,6.189676,A
7.679389,8.820633,7.171935,D
7.726037,6.513773,6.569015,A
10.199294,8.715517,7.558621,B
4.325573,9.020492,8.179940,C
7.582504,8.849100,9.084200,D
8.936598,8.115956,10.063794,B
5.832011,6.888516,8.129440,E
4.097506,7.609657,5.854499,C
6.200917,7.150379,9.134175,E
4.435252,6.332249,6.793329,C
8.005057,9.268654,10.302393,D
9.850726,9.231695,7.242639,B
9.146344,9.739436,8.609760,B
5.927069,6.052252,7.516805,A
5.531055,6.703490,5.371844,A
3.650987,7.822762,6.663481,C
7.283604,8.889160,8.574101,D
5.938689,7.667318,8.231547,E
5.941865,5.798135,9.303592,E
7.539275,8.977478,8.942711,D
7.203617,8.940509,7.891094,D
6.318716,6.299114,7.997379,E
8.583325,7.932394,9.645196,B
6.830801,7.678027,8.640483,E
3.810012,6.001723,9.518706,C
5.826502,8.363317,8.963617,D
5.570475,9.140919,7.374623,A
4.624948,4.846859,8.019656,C
5.996459,6.894152,7.826156,E
5.819295,7.442953,8.858509,E
7.457145,6.006900,9.384908,E
8.009832,7.313569,9.629196,E
7.716648,7.737498,7.738157,B
7.557071,6.473634,5.561464,A
7.203589,5.629664,9.242185,E
3.595012,6.963934,7.434148,C
9.919517,8.816600,9.360640,B
8.181390,6.988871,6.803733,A
7.711185,7.914901,8.037258,D
7.637749,8.380965,9.106043,D
4.652768,8.079782,7.105973,C
7.624447,8.489452,8.697870,D
9.904580,8.302202,8.605851,B
7.525417,7.670214,8.679063,D
4.850819,9.304378,5.970629,A
5.812977,8.042493,7.304881,A
4.353432,7.097354,9.151958,C
4.539220,7.527775,8.061203,C
5.777419,7.068915,6.662198,A
7.859938,7.445967,9.631208,E
4.422054,5.329055,6.960090,C
4.944069,6.389643,6.392382,C
9.697490,7.341798,8.538719,B
5.118797,6.399213,7.703067,C
5.320833,6.860088,7.741838,C
5.597736,5.135388,6.209355,C
4.764091,6.930506,7.832010,C
8.437550,9.361437,10.244711,D
7.316085,6.312862,6.880927,A
7.696517,6.177919,8.535124,E
5.521057,6.814981,7.082603,A
3.759665,8.118922,8.623390,C
9.434340,8.868744,9.493227,B
8.481439,7.984472,8.164879,B
5.680195,6.381574,9.819263,E
5.832288,6.725294,8.605307,E
4.180672,6.226973,6.832192,C
7.966286,8.261343,8.331462,B
8.164192,7.668665,8.513009,B
8.086902,7.055933,8.748092,B
5.119568,7.008402,9.109419,E
1.935582,6.648602,8.111804,C
5.498077,8.133700,7.638467,A
4.963148,5.689159,8.259189,C
4.824905,7.724593,9.154939,E
5.749153,6.558320,5.410395,A
6.675476,8.328025,10.070753,D
7.625924,7.053895,7.935839,E
8.501110,8.024842,8.438579,B
5.969846,8.797265,5.781285,A
5.200740,5.595857,8.852255,E
8.942886,9.021228,8.561746,B
4.353739,7.528972,8.233084,C
7.010273,7.682885,7.907381,A
4.728418,7.919663,7.842252,C
4.288977,7.877827,7.842071,C
9.488833,8.713773,7.630329,B
2.875229,7.289048,7.755690,C
3.869346,6.652474,8.517969,C
8.468175,7.511206,6.284373,A
6.114709,7.252687,9.521961,E
